List,company_name,company_domain,job_title,job_url,job_description
Active,7IM Group,7im.co.uk,Junior Agile Delivery Manager,https://careers.7im.co.uk/vacancies/617/junior-agile-delivery-manager.html,"# Junior Agile Delivery Manager
Apply
*Location*
London / Edinburgh
*Advertising Salary*
Competitive + Benefits
*Contract Type*
Permanent
* Home
* Vacancies
* Junior Agile Delivery Manager
## About The Role
Purpose: As a Junior Agile Delivery Manager, you support and increasingly own effective delivery within your squad(s), helping workflow from planning through to release in a controlled, transparent and outcome-focused way. You facilitate Agile practices, maintain delivery momentum, manage risks and dependencies, and improve ways of working using data, tooling and AI-enabled approaches. Working closely with Product, Engineering, Testing, Design and other colleagues, you help create clear delivery focus, strong team collaboration and a safe environment where issues are surfaced early and improvements are acted on. Responsibilities: • Facilitate core Agile ceremonies independently and ensure they are focused, productive and drive clear outcomes • Work with Product to maintain a clear, well-groomed and prioritised backlog, improving readiness and clarity ahead of delivery • Support squad planning and delivery from sprint planning through to release, helping the team meet realistic commitments consistently • Track progress, delivery health, risks, blockers and dependencies, escalating or coordinating resolution where needed • Proactively resolve impediments, including those requiring cross-team coordination, while knowing when to seek support • Use delivery metrics and insight to identify trends, reduce waste and rework, and improve flow, predictability and quality • Own squad-level roadmap visibility and support quarterly planning preparation and follow-through • Facilitate discussions that create clarity, alignment and decisions across the squad and relevant stakeholders • Communicate delivery status, key dates, risks, dependencies, trade-offs and impacts clearly and proactively • Support incident resolution and ensure learning from incidents and retrospectives is applied to improve future delivery • Introduce and follow through on small experiments and improvements to ways of working, using a test-and-learn mindset • Use tooling, automation and AI-enabled support to streamline delivery effectively while retaining accountability and control • Promote accountability, ownership and continuous improvement within the squad • Actively foster a safe, supportive and collaborative environment where people feel confident to speak up, challenge constructively and improve • Contribute to the Agile Delivery Chapter through participation, knowledge sharing and consistent practice • Operate confidently within governance, compliance and regulatory expectations, including Consumer Duty principles where relevant • Act consistently in accordance with 7IM values, policies and compliance standards • Complete other reasonable duties as required by your manager and 7IM
## About You
Knowledge: • Understanding of Agile values, principles and common frameworks, including Scrum and Kanban • Understanding of the delivery lifecycle from discovery and planning through to release and learning • Knowledge of backlog management, sprint goals, Definition of Done, delivery metrics, risks, dependencies and impediments Qualifications: • Recognised Scrum Master or Agile delivery qualification desirable, or willingness to work towards one • Experience working in an Agile, technology, change or delivery environment desirable • Experience working with, or alongside, software engineering teams desirable Skills/Other relevant information: • Highly organised and able to keep delivery activity visible, structured and moving • Confident facilitator who can create focus, encourage participation and help the team reach clear outcomes • Clear, proactive communicator who adapts messaging to the audience and context • Curious about better ways of working and comfortable trialling small improvements • Positive, resilient and pragmatic mindset, maintaining momentum despite change or blockers • Passionate about Agile principles and enthused by helping teams improve how they plan, collaborate and deliver"
Active,7IM Group,7im.co.uk,Head of Cyber Security,https://careers.7im.co.uk/vacancies/618/head-of-cyber-security.html,"# Head of Cyber Security
Apply
*Location*
London
*Advertising Salary*
Competitive + Benefits
*Contract Type*
Permanent
* Home
* Vacancies
* Head of Cyber Security
## About The Role
Purpose: To lead 7IM’s cyber security function and own the day-to-day execution of the Cyber Security strategy across the 7IM Group. The role is accountable for protecting 7IM’s clients, colleagues, data, systems and services from current and emerging cyber threats, while supporting business growth, regulatory expectations and operational resilience. The Head of Cyber Security translates the IT and Cyber Security strategy into practical controls, measurable outcomes and clear reporting. This includes cyber governance, security operations, vulnerability management, incident readiness, third-party cyber risk, security awareness, policy ownership and cyber assurance across on-premises, cloud and supplier-hosted services.
Responsibilities:
* Cyber Security Strategy & Governance: Own delivery of the Cyber Security strategy, maintain a clear cyber roadmap, control improvement plan and reporting cadence aligned to business priorities, regulatory expectations and risk appetite
* Security Operations & Threat Defence: Lead operational cyber defence across SIEM, endpoint protection, identity controls, email security, cloud security, vulnerability tooling and managed security service providers. Improve detection coverage, alert quality, escalation paths and response times
* Cyber Incident Response: Own cyber incident response playbooks and readiness for realistic scenarios including ransomware, data loss, account compromise, supplier failure, insider threat and social engineering. Coordinate technical response, evidence gathering, communications input, lessons learned and remediation tracking
* Operational Resilience: Work with IT, Risk, Compliance and business owners to support operational resilience requirements. Map cyber dependencies for important business services, test severe but plausible cyber scenarios, track vulnerabilities and support recovery within agreed RTOs
* Vulnerability Management & Assurance: Own vulnerability scanning, penetration testing, security testing and remediation governance. Prioritise issues based on exploitability, exposure and business impact. Report progress clearly and challenge overdue remediation
* Identity, Access & Data Protection Controls: Own cyber control standards for privileged access, conditional access, MFA, endpoint protection, data loss prevention and secure configuration. Support access review improvements and work with the DPO and Compliance teams on UK GDPR and data protection control requirements
* Third-Party Cyber Risk: Lead cyber security input into supplier due diligence, onboarding, renewal, exit planning and ongoing assurance. Support the management of material outsourcing and critical technology dependencies, including evidence of controls, resilience testing and incident notification requirements
* Policy, Standards & Control Framework: Maintain cyber security policies, standards and control baselines. Align controls to recognised frameworks such as ISO 27001, NIST Cybersecurity Framework, CIS Controls and Cyber Essentials, applying them in a proportionate way for 7IM
* Security Awareness & Culture: Lead colleague cyber engagement through targeted training, phishing exercises, scenario testing and practical guidance. Focus activity on the behaviours that reduce real risk
* Regulatory, Audit & Executive Reporting: Provide clear cyber MI, risk updates and remediation progress for governance forums including Cyber Committee, IT Governance and ARCC reporting. Support regulatory engagement, audits, client due diligence and external assurance activity
* Secure Change & Project Delivery: Embed security into change, architecture and project delivery. Review new systems, cloud services, AI tooling and infrastructure changes so risks are identified early and practical controls are built in
* Team Leadership & Supplier Management: Lead and develop cyber security colleagues and manage key cyber suppliers. Set clear outcomes, challenge performance, manage budgets where delegated and keep service delivery aligned to 7IM’s risk position
## About You
Knowledge:
* Cyber Security Leadership: Strong knowledge of cyber governance, security operations, incident response, vulnerability management, security architecture, identity security and control assurance
* Financial Services & Regulation: Good understanding of UK financial services regulation, including FCA expectations for systems and controls, operational resilience, outsourcing, third-party risk, incident reporting, UK GDPR and client asset/data protection considerations
* Technology & Cloud Security: Broad knowledge of Microsoft security platforms, Azure security, endpoint protection, network security, email security, secure configuration, logging, monitoring and hybrid infrastructure environments
* Control Frameworks & Assurance: Working knowledge of ISO 27001, NIST Cybersecurity Framework, CIS Controls, Cyber Essentials, ITIL, secure-by-design principles, penetration testing and audit evidence management
* Threat & Resilience Awareness: Current understanding of threat intelligence, ransomware, supply chain compromise, identity attacks, cloud misconfiguration, insider risk, AI-enabled threats and resilience testing methods relevant to wealth management
Qualifications:
* Bachelor’s degree in Cyber Security, Computer Science, Information Technology or a related field, or equivalent professional experience
* Proven experience in leading cyber security teams, including experience in cyber operations, assurance activity or security improvement programmes in a regulated environment
* Relevant professional certifications are desirable, such as CISSP, CISM, CISMP, CCSP, Microsoft Security certifications, ISO 27001 Lead Implementer or Lead Auditor, or equivalent
* Experience working with external auditors, penetration testers, MSSPs, cyber insurers, regulators, clients or supplier assurance teams would be beneficial
Skills/Other relevant information:
* Practical cyber leader who can move between executive discussion, technical detail and operational delivery without losing the thread
* Clear communicator who can explain cyber risk in plain English, make trade-offs visible and provide balanced recommendations to senior stakeholders
* Strong judgement under pressure, especially during incidents, supplier escalations, audit findings and competing remediation priorities
* Conscientious, accountable and comfortable challenging weak controls, poor evidence or slow remediation in a constructive way
* Able to prioritise based on risk, business impact and regulatory exposure, not noise or supplier pressure
* Reports to the IT Director"
Active,Abound,getabound.com,Compliance Officer,https://jobs.ashbyhq.com/abound/8476c364-5f89-4134-9e50-ddb59f70dffe,"# Compliance Officer
## Location
London
## Address
London, London
## Employment Type
Full time
## Location Type
Hybrid
## Department
Legal and Compliance
OverviewApplication
**About Abound**
We’re redefining consumer lending in the UK, and beyond. Using advanced AI and Open Banking data, we make fair, affordable personal finance available to more people. While traditional lenders rely almost entirely on credit scores, we look at the full financial picture - how much you spend, and what you can afford to repay to build a deeper, more accurate understanding of each customer's unique financial situation.
And we've shown it works at scale. We’ve issued over **£1.3bn** in loans directly to customers while delivering **market-leading credit performance** - for every 10 defaults the industry expects, we see only 3. We also reached profitability just 2.5 years after launch.
Backed by **£2bn+** of funding from top-tier investors including Citi, GSR Ventures, and Deutsche Bank, we’re recognised as one of Europe’s fastest-growing fintechs (Sifted, CNBC). Now, we’re expanding into new markets and product lines - and we’re looking for ambitious people who want to learn fast, take ownership, and grow with us.
**About the role**
We’re looking for a driven and commercially aware **Compliance Officer** to help support our next phase of growth while ensuring we continue to deliver good outcomes for our customers.
This is a broad and hands-on role where you’ll gain real exposure across the business, working closely with senior stakeholders and contributing directly to how we manage risk, compliance, and regulatory change.
**What you’ll be doing**
* **Own and deliver compliance monitoring** – identify emerging risks, assess customer impact, and drive practical, proportionate remediation
* **Provide clear, actionable reporting** – draft high-quality updates for senior management and the Board
* **Stay ahead of regulation** – track FCA developments and translate them into clear, business-relevant actions
* **Maintain and strengthen our control environment** – support the review and continuous improvement of policies and frameworks
* **Partner across the business** – build strong relationships and act as a trusted advisor on compliance matters
* **Support customer outcomes** – act as an escalation point for complex cases (e.g. complaints, fraud risk)
* **Contribute to financial crime oversight** – support AML assessments and advise the MLRO
* **Work closely with the Chief Compliance Officer** – provide input on regulatory risk, product development, and strategic initiatives
**Who you are**
* You'll have 2+ years of experience in retail financial services, either within compliance, first line controls or in an operational role with a strong focus on customer outcomes.
* You're passionate about getting things right, and you're not afraid to dig deep to ensure that everything we do puts the customer first.
**What you bring**
* A **proactive, solutions-oriented mindset** – you don’t just identify issues, you help fix them
* Working knowledge of relevant **FCA Handbook requirements**
* Practical understanding of **Consumer Duty** and what good customer outcomes look like
* Strong **judgement and risk assessment skills**
* Ability to handle sensitive matters with **discretion and professionalism**
* Clear, confident communicator – comfortable engaging up to executive level
* Strong **written and numerical skills**, including preparing Board-level materials
**Why join Abound**
* Exposure to a **high-growth fintech environment**
* Real impact – your work will directly influence customer outcomes and regulatory strategy
* Close collaboration with senior leadership
* **Hybrid working** with a London base
If you’re looking for a role where you can develop quickly, take ownership, and see the real-world impact of your work, we’d love to hear from you.
**What we offer**
* Everyone owns a piece of the company - equity
* Hybrid with 3 days a week in the office
* 25 days’ holiday a year, plus 8 bank holidays
* 2 paid volunteering days per year
* One month paid sabbatical after 4 years
* Employee loan
* Free gym membership
* Team wellness budget to be active together - set up a yoga class, a tennis lesson or go bouldering"
Active,ABP,relx.com,Software Engineer I (Graduate),https://relx.wd3.myworkdayjobs.com/relx/job/Grosvernor-House/Software-Engineer-I--Graduate-_R116044-3,"Graduate Software Engineer-Southampton-Hampshire
Would you enjoy working on our cutting-edge products?
Do you have a real passion for Software Engineering?
About the Business:
At Cirium, our goal is to keep the world connected. We are the industry leader in aviation analytics; helping our customers understand the past, present, and predicting what will happen tomorrow. Our mission is to transform the aviation industry by enabling airlines, airports, travel companies, tech giants, aircraft manufacturers, financial institutions and many more accelerate their own digital transformation. You can learn more about Cirium www.cirium.com
About the Team:
You will be joining a collaborative, curious, team of Software Engineers at all different levels. By joining us you will have the opportunity to share ownership in solving this problem end to end.
About the role:
As a Graduate Software Engineer you will perform moderately difficult research, design, and software development assignments within a specific software functional area or product line. The position should have the ability to work on individual pieces of work and solve problems including the design of the program flow of individual pieces of code, effective coding, and unit testing.
RELX, we are committed to advancing gender diversity within the technology sector and supporting greater representation of women in tech. To further this commitment, RELX has implemented the following initiatives:
Women in Technology (WiT) Mentoring Program: This program is tailored to enhance career development for female talent in tech roles across all our businesses.
Women’s Network Forum: We offer dedicated forums that foster community, mentorship, and professional growth for women.
Inspiring Future Talent: We actively engage with schools, hosting events to inspire young females to consider and pursue careers in technology.
Responsibilities:
Interfacing with other personnel or team members to finalize requirements
Writing and reviewing portions of detailed specifications for the development of system components of moderate complexity
Working closely with other Development team members to understand Product Requirements and translate them into Software designs
Implementing development processes, coding best practices and code reviews
Operating in various development environments (Agile, Waterfall, etc.) while collaborating with key stakeholders
Completing bug fixes and resolving technical issues
Requirements:
Have a BS degree in Engineering Computer Science or equivalent experience
Have solid Software Development experience
Be proficient in programming languages, including one or more the following Java, Springboot, Python, C#, Node js.
Have an excellent understanding of data modelling principles, data manipulation languages, and storage systems
Be familiar with industry best practices, such as code coverage
Have a good knowledge of software development methodologies (e.g., Agile, Scrum, Kanaba) and test-driven development
Have the ability to work well with internal and external technology resources
Have excellent verbal and written communication skills
Learn more about the LexisNexis Risk team and how we work here
We know your well-being and happiness are key to a long and successful career. We are delighted to offer country specific benefits. Click here to access benefits specific to your location.
We are committed to providing a fair and accessible hiring process. If you have a disability or other need that requires accommodation or adjustment, please let us know by completing our Applicant Request Support Form or please contact 1-855-833-5120.
Criminals may pose as recruiters asking for money or personal information. We never request money or banking details from job applicants. Learn more about spotting and avoiding scams here.
Please read our Candidate Privacy Policy.
We are an equal opportunity employer: qualified applicants are considered for and treated during employment without regard to race, color, creed, religion, sex, national origin, citizenship status, disability status, protected veteran status, age, marital status, sexual orientation, gender identity, genetic information, or any other characteristic protected by law.
USA Job Seekers:
EEO Know Your Rights."
Active,Acacium Group,thornburycommunityservices.co.uk,Head of Finance,https://careers.acaciumgroup.com/jobs/8109925-head-of-finance,"# Head of Finance
**🌟 We’re Hiring: Head of Finance**
**Permanent, Full time**
**Hybrid in our Manchester, Leeds, London or Bristol office**
Are you a commercially minded finance leader who thrives on turning insight into action and driving business performance? We’re looking for a Head of Finance to join our team and lead financial strategy, performance, governance and decision-making across our clinical care and health & wellbeing services.
Acacium Group are a leading global healthcare delivery partner and we are hiring a Head of Finance. Part of Acacium Group, Xyla is an integrated healthcare solution that improves people’s lives and alleviates the demands of the UK healthcare system. Our services help people avoid hospital or accelerate them safely through it, with specialist support in their community or homes whenever needed.
**💡 About the Role**
In this role, you will:
* Lead financial performance, reporting, forecasting and budgeting activities across our clinical care and health & wellbeing services.
* Partner with senior stakeholders to provide commercial insight, robust financial analysis and support strategic decision-making.
* Drive financial governance, operational efficiency and continuous improvement across the finance function.
* Lead and develop the finance team while supporting future business growth, scalability and profitable performance.
**🎯 What You’ll Bring**
We don’t expect perfection. If most of this sounds like you, we’d love to hear from you:
* An analytical mindset
* Excellent stakeholder management and relationship building skills
* Ability to work in a dynamic, fast-paced environment
**🌍 Why Join Us?**
* Your work will directly shape decisions that improve our services.
* You’ll help us maximise value by ensuring data quality.
* You’ll be part of a supportive team where new ideas are welcomed.
* You’ll have opportunities to learn, grow, and develop your skills.
✨**Your Benefits**
* Pensions scheme, free mortgage broker service & life assurance
* Wellbeing Benefits - Employee Assistance Programme. Digital Health & Wellbeing App. Mental, Social, Physical & Financial Workshops
* Recognition Benefits. Long Service awards, Exceptional performance awards & Increasing holiday allowance
* Discounts. Shopping, lifestyle & cinema discounts
**📚 Experience and Qualifications We’re Looking For**
* Recognised UK accounting qualification.
* Significant commercial finance experience within services or outsourcing environments.
* Experience working within complex finance structures and delivering results to tight deadlines.
* Experience managing and developing teams.
If you don’t meet every requirement but believe you’d be a strong fit, please apply anyway, we value diverse experiences.
**🧩 Inclusion & Accessibility**
*We are committed to creating a truly inclusive and diverse workplace where everyone feels valued, respected, and able to thrive. As an age-friendly and disability-confident employer, we welcome applications from people of all backgrounds, communities and ages, recognising unique skills, experience and perspectives individuals bring at every stage of their career. Guided by our core value of Putting People First, we are committed to fostering an inclusive culture and will consider flexible working options and reasonable adjustments wherever possible to suit individual needs.*"
Active,Acacium Group,thornburycommunityservices.co.uk,Service Delivery Coordinator,https://careers.acaciumgroup.com/jobs/8104834-service-delivery-coordinator,"Service Delivery Coordinator - Acacium Group
Skip to main content
Xyla healthcare services
·
Remote, UK
# Service Delivery Coordinator
**🌟 We’re Hiring: Service Delivery Coordinator**
**Permanent, Full time**
**£32,000-£35,000**
**Homebased with monthly office visits**
Are you passionate about turning data into meaningful insights that drive service excellence? We’re looking for a **Service Delivery Coordinator** to support our Service Managers by reporting and presenting on performance within our NHS services.
Acacium Group are a leading global healthcare delivery partner and we are hiring a Service Delivery Coordinator. Part of Acacium Group, Xyla's clinical care team work with over 80 NHS trusts to deliver a range of clinical services in hospitals, the community or virtually. Our services include diagnostic, acute and virtual services – all of which are designed and delivered by senior NHS consultants and operational staff who ensure that national clinical guidelines and operational best practice guidance are met.
**💡 About the Role**
In this role, you will:
* Produce accurate and timely performance reports, dashboards and management information to support operational oversight.
* Analyse service, workforce and utilisation data to identify trends, risks and opportunities for improvement.
* Collaborate with operational, mobilisation and workforce planning teams to support service delivery and decision-making.
**🎯 What You’ll Bring**
We don’t expect perfection. If most of this sounds like you, we’d love to hear from you:
* Strong analytical skills with the ability to communicate insights clearly.
* A proactive and solutions focused approach.
* Strong planning, organisation and stakeholder management skills.
**🌍 Why Join Us?**
* Your work will directly shape decisions that improve our services.
* You’ll help us maximise value by ensuring data quality.
* You’ll be part of a supportive team where new ideas are welcomed.
* You’ll have opportunities to learn, grow, and develop your skills.
✨**Your Benefits**
* Pensions scheme, free mortgage broker service & life assurance
* Wellbeing Benefits - Employee Assistance Programme. Digital Health & Wellbeing App. Mental, Social, Physical & Financial Workshops
* Recognition Benefits. Long Service awards, Exceptional performance awards & Increasing holiday allowance
* Discounts. Shopping, lifestyle & cinema discounts
**📚 Experience We’re Looking For**
* A strong administration and coordination background.
* Experience using Excel and Powerpoint.
* A proven track record in building good stakeholder relationships.
If you don’t meet every requirement but believe you’d be a strong fit, please apply anyway, we value diverse experiences.
**🧩 Inclusion & Accessibility**
*We are committed to creating a truly inclusive and diverse workplace where everyone feels valued, respected, and able to thrive. As an age-friendly and disability-confident employer, we welcome applications from people of all backgrounds, communities and ages, recognising unique skills, experience and perspectives individuals bring at every stage of their career. Guided by our core value of Putting People First, we are committed to fostering an inclusive culture and will consider flexible working options and reasonable adjustments wherever possible to suit individual needs.*"
Active,Accor,accor.com,Night Auditor,https://careers.accor.com/global/en/job/night-auditor-in-mercure-london-bankside-london-united-kingdom-jid-100309,"# Night Auditor
Europe and North Africa
Apply
Shortlist
Sign up
Company Description
Accor, the world-leading hospitality group, provides unique hotel stays and experiences in over 5,500 properties, throughout 110 countries.
With more than 45 hotel brands, restaurants, bars, entertainment and nightlife venues, co-working and wellness spaces, Accor enables new ways to travel, work, and play.
By placing people and the planet at the heart of its culture and activities, the Group is committed to shaping the hospitality of tomorrow in the most sustainable way possible.
Job Description
Joining **Mercure London Bankside** as our **Night Auditor**is a chance to be part of one of Accor's flagship hotel, located in the heart of London - a short distance from London Bride Station, Waterloo Station and Blackfriars Station. It is a chance to take on rewarding challenges that will help you grow both personally and professionally.
**As part of our team you can have:**
* Free night stays in our UK hotels and 50% discount in any Accor Restaurant (T&C Applies)
* Discounted hotel rates all over the world in Accor Hotels
* Hourly rate £15.30
* Continuously learn and develop yourself with our Accor Academy
* Support your wellbeing in your professional and personal lives
* Grow your experience anywhere. Explore limitless opportunities across 5000 hotels in over 100 countries
* Participate actively in initiatives to build a more inclusive and sustainable world
* And many more benefits and perks : Our objective is simple: make you grow and give you the spark to unleash your personality
**As our next Night Auditor, you...**
Will be the ‘face of Mercure London Bankside’, extending a warm welcome to our guests during the night, putting their well-being at the heart of everything you do, while adding your personal touch to their stay.
**Your responsabilities will include:**
* Deliver exceptional, friendly and professional customer service to all guests and callers.
* Manage guest check-in and check-out processes, including registration, account postings, cashier balancing and express check-outs.
* Handle guest enquiries, complaints, wake-up calls, mail, messages and special requests promptly and efficiently.
* Complete daily audit tasks, reports and ensure accurate credit handling.
* Liaise with Housekeeping and other departments regarding room status, lost property and guest needs.
* Ensure security procedures, safety standards and hotel policies are followed at all times.
* Participate in team briefings, training and ongoing development programs.
* Ensure effective shift handovers and report any issues to the Management.
**A little more information:**
To help you navigate your role, and support your success you will be trained in all front of house related functions and the safety of the property and people.
To ensure you can best welcome and care for our guests you will need to be fluent in English.
Understanding things from our guest’s perspective is key, so while you are settling into your new role we will arrange a one-night stay for you to experience this first hand.
**Our commitment to Diversity & Inclusion:**
We are an inclusive company and our ambition is to attract, recruit and promote diverse talent, creating an environment where everyone feels they belong.
**One more thing...**
By working at the Mercure London Banksideyou will be part of the Accor network, worldwide hospitality leader. With us, you can be all you are, work with purpose, grow, learn, enjoy and explore Accor’s limitless opportunities.
Discover our Talent stories at https://www.heartists-europe.com/ or on Instagram @heartists.ena
**Ready to discover more? Get in touch with us. We would love to hear from you.**
Additional Information
Of course you also want to know what it's like to work at Mercure London Bankside.
First and most important; you end up in a close-knit team in which your own initiative is greatly appreciated and where the atmosphere is good.
We believe that colleagues must be able to complement each other and that everyone must be able to be themselves. You get the opportunity to broaden your responsibilities through training and development, free in-house gym, rewards and recognition.
**Information on the processing of personal data**
*When you submit an application to ESSENDI UK HOTELS 1 LIMITED, trading as Essendi UK, the company processes some of your personal data to consider and manage your application.*
*We may also process data supplied to us by third parties, for example one or more of your former employers or a third-party supplier of personality questionnaires. Please note that your answers to any questionnaire will not lead to an automated decision.*
*In our capacity as data controller, we ensure that we comply with all legislation relating to the protection of personal data (in particular the retained EU law version of the General Data Protection Regulation (Regulation (EU) 2016/679) and the Data Protection Act 2018).*
*Information relating to the processing of candidates' personal data and to the exercise of their rights of access, opposition, rectification and deletion is available in our Employee Privacy Policy.*"
Active,Accor,accor.com,Cluster Meeting & Events Sales Manager,https://careers.accor.com/global/en/job/cluster-meeting-and-events-sales-manager-in-novotel-coventry-m6-j3-wolverhampton-united-kingdo-jid-103829,"# Cluster Meeting & Events Sales Manager
Europe and North Africa
Apply
Shortlist
Sign up
Company Description
Join a hotel that is a member of the Accor network, whose group brings together more than 45 brands, 5,500 hotels, 10,000 restaurants and lifestyle destinations. Here, we believe in you and what you bring to the table. There are many opportunities for development and advancement. Every gesture, every smile, every action, contributes to creating a positive and memorable impact for our customers, our colleagues and also for our planet. Together, we embody the vision of responsible hospitality.
Take the opportunity to become a Heartist®, and let your heart guide you in this world where life beats faster.
Job Description
Role based at Novotel Wolverhampton or Novotel Coventry
- With some travel in between
About Us
Fairview Hotels owns and operates a portfolio of branded hotels across the UK. As we continue to grow and develop throughout 2026, our people remain at the heart of everything we do. We are committed to investing in our teams and creating opportunities for career progression within our business.
Our West Midlands Cluster comprises **Novotel Coventry** and **Novotel Wolverhampton**, both offering extensive meeting and event facilities for corporate and social occasions. We are looking for an enthusiastic and organised **Cluster Meetings & Events Sales Coordinator** to join our growing team.
This is an excellent opportunity for someone currently working within a busy Meetings & Events Sales Office who is ready to take the next step in their career and gain valuable experience towards a proactive sales role.
The successful candidate will be highly organised, customer-focused and passionate about delivering exceptional service while maximising sales opportunities. As this is a dual-site position, your time will be split between both hotels, so flexibility and the ability to travel between the two locations are essential.
Key Responsibilities
* Manage meetings and events enquiries from all sales channels, taking each enquiry from initial contact through to confirmation.
* Prepare accurate quotations and follow up to maximise conversion opportunities.
* Arrange and conduct hotel show rounds, ensuring all client requirements are understood and presented effectively.
* Ensure all confirmed bookings are issued with contracts, pro-forma invoices and that payments are secured in line with company procedures.
* Prepare detailed function sheets and present event information during hotel function sheet meetings.
* Maintain and update hotel sales profiles, ensuring familiarity with Novotel brand standards and Meeting Planner, our meetings loyalty programme.
* Use the C&E booking system to manage enquiries and bookings (full training will be provided).
* Produce professional documents using Microsoft Word, Excel and PowerPoint.
* Work collaboratively across both hotels to ensure a seamless customer experience.
* Travel between both properties as required.
* Demonstrate flexibility in working hours to meet the needs of the business.
About You
You'll ideally have:
* Previous experience within a hotel Meetings & Events Sales Office.
* Excellent organisational and administrative skills with strong attention to detail.
* Outstanding communication and customer service skills.
* A proactive approach with a passion for sales and delivering memorable events.
* Confidence using Microsoft Office applications.
* The ability to prioritise a varied workload in a fast-paced environment.
* A full UK driving licence and access to transport would be advantageous due to travel between properties.
What We Offer
* A competitive salary
* Access to worldwide Accor accommodation discounts for you, your friends and family.
* NEST Pension Scheme.
* Complimentary eye tests.
* Two complimentary hotel stays per year (subject to availability).
* Meals provided whilst on duty.
* Uniform provided.
* 28 days annual leave, including bank holidays.
* Ongoing training and development opportunities.
* Free on-site parking.
* Employee discount scheme.
* Company pension.
* Referral programme.
Job Details
**Job Type:** Full-time
**Working Pattern:** Monday to Friday (Occasional Weekends Required)
If you're looking to build your career within hotel sales and events and want to be part of a supportive, growing team, we'd love to hear from you."
Active,Accredible,accredible.com,Account Executive (Future Opportunities),https://www.accredible.com/careers/account-executive-remote-us-est-uk-based,"# Account Executive (Future Opportunities)
Location
Remote
Type
Full time
Department
Sales
Overview
Application
## 🚀 **Join the team powering the future of digital credentials!**
At Accredible, the world's leading digital credential platform, we're always interested in connecting with exceptional Account Executives who are passionate about helping organizations achieve their goals through innovative technology.
While we don't currently have an open Account Executive position, we're continually growing and would love to hear from talented sales professionals who may be a great fit for future opportunities. By submitting your application, you'll join our talent network and be among the first people we consider when relevant roles become available.
If you're passionate about sales, thrive in a performance-driven environment, and have a hunter mentality, we'd love to connect.
## 🎯 **Who You Are**
You're an experienced sales professional with a proven track record of owning the sales cycle end-to-end. Your passion for building relationships, achieving targets, and navigating the SMB and mid-market sector drives you to excel.
**What Account Executives at Accredible Typically Do**
* Drive revenue growth, customer engagement, and new customer acquisition.
* Own the full sales cycle from prospecting to close while maintaining a healthy pipeline.
* Follow a structured sales process to move opportunities through the funnel.
* Consistently achieve and exceed revenue targets and key performance metrics.
* Deliver tailored product demonstrations and presentations to prospective customers.
* Build strong relationships with customers and internal stakeholders.
* Develop a deep understanding of Accredible's products, market, and competitive landscape.
## **🧠 How we work**
Our sales team thrives on collaboration, continuous learning, and shared success. Account Executives work closely with sales, marketing, customer success, and leadership teams in a fast-paced, remote-first environment focused on delivering outstanding customer outcomes.
### **👀 What We're Typically Looking For**
* **Sales Expertise:** 3+ years of experience owning the sales cycle in transactional sales targeting SMB and mid-market customers.
* **Technical Proficiency:** Experience using sales tools such as Salesforce, HubSpot, ZoomInfo, Gong, and LinkedIn Sales Navigator.
* **Outbound Sales Strategy:** Proven ability to develop and execute successful outbound sales plans.
* **SaaS Experience:** Experience selling SaaS solutions.
* **Presentation Skills:** Ability to confidently engage and present to executive-level stakeholders.
* **Hunter Mentality:** Proactive in identifying opportunities and building pipeline.
* **Growth Mindset:** Eager to learn, adapt, and continuously improve.
* **Collaborative:** Enjoys working as part of a high-performing team.
* **Adaptable:** Thrives in a dynamic, fast-growing environment.
* **Strong Communicator:** Builds trust through clear and effective communication.
* ‍**Integrity:** Demonstrates transparency and professionalism in all interactions.
## 🌟 **Why you’ll love it here**
* Competitive Salary
* 35 Days Annual Vacation
* 100% Paid Medical, Vision & Dental Insurance
* Equity Options
* Flexible Leave Policies
* Life Insurance & Employee Assistance Programs
* Remote Work Flexibility
* Two paid hours each week dedicated to learning and professional development, plus a budget for courses, books, and conferences.
* A genuine commitment to supporting your personal and professional growth.
* Many additional perks!
## **🌍 Remote-First**
Accredible is remote-first, people-first, and proud to be a mission-driven company shaping the future of learning and achievement.
## **🤝 Open and Inclusive**
Accredible welcomes people of all backgrounds, experiences, and perspectives. We are committed to building an inclusive workplace where everyone can thrive and contribute their unique talents.
## **🎯 Interested?**
Submit your application and tell us a bit about your background, achievements, and what excites you about joining Accredible. We'll keep your information on file and reach out if a suitable Account Executive opportunity becomes available."
Active,Accurx Limited.,accurx.com,Business Development Lead - North,https://jobs.ashbyhq.com/accurx/10063310-dcee-4e99-9534-0a6b4f11b2fc,"# Business Development Lead - North
## Location
London (Shoreditch)
## Employment Type
Full time
## Location Type
Hybrid
## Department
Go-To-MarketBusiness Development
## Compensation
* £75K – £95K • Offers Equity
OverviewApplication
## **Accurx is solving healthcare productivity for the NHS.**
For decades, the NHS has struggled with fragmented systems that make simple tasks feel impossible. At Accurx, we’re changing that by building a single, system-wide platform that helps every patient get gold-standard, efficient, and joined-up care.
What started as a way for GPs to text a patient has now evolved into an all-in-one digital toolkit used by 98% of GP practices.
Our platform now powers **Total Triage** to manage patient demand, and **Self-Book**,which lets patients schedule their own appointments in seconds. We’ve automated routine care with **Patient Questionnaires** for long-term conditions, while **Accumail** finally allows staff-to-staff communication to happen instantly across different care settings. We’re now pushing the boundaries of the consultation itself with **Accurx Scribe**, our AI-powered note-taker that drafts medical notes in real-time.
We’re not just shipping features. We’re giving clinicians their time back and ensuring every patient journey is as smooth as it should be.
## ## The challenges you’ll solve as a Business Development Lead – North
As our **Business Development Lead** for the North, you will act as a high-impact player-coach leading our mid-market SME sales strategy across primary care networks, GP practices, and federations. You’ll balance hands-on selling and revenue generation with building and coaching a high-performing outbound sales team as we launch exciting new products across the region. **Please note: while this role is based in London, travel to Scotland, Northern Ireland and the North of England will be required.**
* **Building an outbound sales machine:** Establishing structured, high-volume mass cadences and buyer-signal-based strategies to scale mid-market SME adoption across the North
* **Leading as a player-coach:** Closing your own key target deals while setting direction, coaching, and developing a team of BDAs and BDMs to hit team revenue targets
* **Driving new product growth:** Unlocking expansion opportunities across our growing product suite, including Scribe. There's a things we can't talk about yet, but they are set to revolutionise the way care is delivered in Primary care
* **Data-driven market mapping:** Utilising platforms, complex datasets, and spreadsheets to analyse market opportunities, forecast pipelines, and convert data into clear commercial priorities
* **Ground-level user engagement:** Attending webinars, regional events, and speaking directly with primary care stakeholders to stay close to market needs and lead by example
* **Leveraging cutting-edge AI tools:** Integrating AI tooling (such as Notion AI) into your team's workflow to capture customer insights, refine audience segmentation, and automate sequence tasks so your team spends more time with users.
* **Cross-functional collaboration:** Partnering closely with marketing, the wider BD team and our Customer Success team to drive seamless deal conversion and wider regional growth
## **You should apply if...**
* **You're a proven sales expert:** You are an established salesperson with a background in traditional sales (e.g., SDR, AE, or Sales Manager) who has carried a revenue target and knows what it takes to hit it consistently
* **You're passionate about people & leading them:** You have some experience managing, mentoring, or coaching salespeople, with a passion for holding team members accountable and coaching them to high performance
* **You have high-velocity outbound expertise:** You have hands-on experience running structured outbound cadences, converting high-volume pipelines, and executing mid-market sales motions at scale
* **You're fluent in data:** You are highly proficient with spreadsheets, platforms, and complex data sets, able to turn raw figures into clear operational decisions and compelling customer pitches
* **You know how to forecast:** You possess strong target-setting and pipeline forecasting capability, bringing commercial clarity to your team’s plan
* **You** **thrive in pace and getting stuff done:** You bring a driver mindset, moving with urgency and resourcefulness to build repeatable processes in a fast-changing startup environment.
* **You know healthcare or the public sector experience:** You have experience selling into the NHS, primary care networks, or complex public sector and policy environments
## **What’s in it for me?**
You'll be joining an established but fast-growing Tech for Good movement, where we're led by our **Principles** and our **mission** to solve healthcare productivity.
* **£75,000 - £95,000 salary + share options up to £30,000**
* **Benefits to suit you:** adjust your healthcare cover, your pension or life insurance, whatever stage you’re at in life
* **Flexible working:** We are an office first culture and ask that you’re in our (dog-friendly) Shoreditch office 3 days a week, with core hours of 10am - 4pm
* **Time off:** You’ll get 28 days of holiday (plus bank holidays) and up to 4 weeks to work from anywhere per year
* **Family matters:** We offer enhanced parental leave, fertility support and parental loss support
* **We have our very own Chef!** Free healthy breakfasts, snacks and lunches will be provided, with the occasional sweet treat!
**Want to know more about the company or the hiring process?** Check out our **Careers page** and **Candidate hub**."
Active,Actemium UK,actemium.co.uk,"ACTEMIUM Design - Quality Manager Chorley, England Chorley, England Unknown Unknown",https://jobs.vinci.com/en/job/chorley/actemium-design-quality-manager/1440/41292936896,"## ACTEMIUM Design - Quality Manager
Are you passionate about maintaining high standards and driving continuous improvement?
We're seeking a dedicated Quality Manager to join our team, working closely with our SHEQ Manager to maintain and improve our quality assurance initiatives and business objectives. Join us and play a pivotal role in ensuring our services exceed customer expectations and maintain our reputation for excellence.
•Oversee all aspects of quality management, ensuring compliance with industry standards and regulations, such as ISO 9001, ISO 45001, ISO14001 and alignment to ISO 19443.
•Develop and implement quality control systems to enhance product reliability and efficiency.
•Lead and mentor an engineering design team, fostering a culture of excellence and accountability.
•Collaborate with cross-functional teams to identify and resolve quality issues, driving process improvements.
•Conduct regular system and project audits and inspections, ensuring that all operations meet our stringent quality criteria.
What you’ll bring
•Proven experience in quality management ideally within a highly regulated engineering design setting.
•Strong knowledge of quality standards, methodologies, and regulatory requirements.
•Exceptional analytical and problem-solving skills.
•Excellent leadership, organisationand communication abilities.
•A commitment to continuous improvement and a proactive approach to quality challenges.
About us
ACTEMIUM Design is an award-winning, engineering design company focused on regulated industry sectors. We deliver projects of strategic, national importance across the full lifecycle—from concept and consultancy through to detailed design and delivery. Our expertise spans mechanical, EC&I, process engineering, and project management, ensuring innovative and compliant solutions for our clients. As part of VINCI Energies, Actemium Design UK is an agile business, growing in a dynamic and sustainable manner.
Many of the positions within our company are subject to national security clearance restrictions. This means that your eligibility for certain roles may be affected by your place of birth, nationality, current or former citizenship, and any residency you hold or have held. Further details are available at United Kingdom Security Vetting: clearance levels - GOV.UK( opens in new window) (www.gov.uk( opens in new window)).
If you require further support or reasonable adjustments with regards to the recruitment process, please let us know."
Active,Active Care Group,activecaregroup.co.uk,Compliance Co-ordinator,https://jobs.activecaregroup.co.uk/jobs/jt-11192,"# Compliance Co-ordinator
Albrighton - AJ CASE MANAGEMENT, Wolverhampton, West MidlandsPart TimeCase ManagementCloses 23 August 2026
Apply now
You'll be taken to our application system to complete your application.
## About this role
AJ Case Management was established in 2013 to offer bespoke clinical services and support in everyday activities to our clients, enabling them to live a fulfilling and happy life.
**This is an exciting opportunity to join AJ Case Management, in our dynamic team in Albrighton.**
This role provides vital administrative and compliance support, ensuring adherence to CQC standards, health and safety regulations, and employment responsibilities. It involves managing training records, incident logs, audits, and quality assurance processes, while acting as a key liaison between case managers, senior management, and external stakeholders. The role requires strong organisational skills, attention to detail, and the ability to support effective communication and governance within the service.
**The Role:**
This is an office based role working 20 hours per week, Monday to Friday.
**Key Responsibilities:**
Manage and monitor the compliance email inbox, ensuring all correspondence, incidents, concerns, referrals, and compliance-related enquiries are acknowledged, tracked, escalated where appropriate, and responded to promptly.
Maintain and update incident reporting logs, compliance databases, and governance records, ensuring accurate recording of investigation status, actions taken, outcomes, and follow-up activities.
Liaise with the Registered Manager, case managers, and other stakeholders to escalate risks, provide updates on compliance matters, and support the implementation and monitoring of corrective actions.
Monitor incident trends, compliance breaches, audit findings, and performance data, identifying recurring themes, risks, and opportunities for service improvement.
Oversee the organisation's training matrix and staff compliance records, ensuring that all training, qualifications, DBS checks, supervision records, and other mandatory documentation are accurately maintained, up to date, and compliant with regulatory requirements by the designated staff members.
Monitor training completion and compliance requirements, producing regular reports, issuing reminders for overdue actions, and supporting staff to access learning resources.
Communicate updates relating to policies, procedures, compliance requirements, and mandatory training across the organisation.
Conduct regular audits of client files, care records, and compliance documentation using established quality assurance frameworks and checklists.
Identify gaps, areas for improvement, and non-compliance issues, providing feedback and recommendations to relevant stakeholders to support continuous quality improvement.
Prepare audit summaries, compliance reports, governance reports, and improvement plans, collecting and analysing data to support organisational oversight and regulatory compliance.
Assist with the planning, distribution, collection, and analysis of service user, family, and stakeholder feedback surveys to inform quality improvement initiatives.
Work collaboratively with case management teams to ensure compliance with organisational standards, proactively resolving concerns and addressing missing or overdue documentation.
Attend clinical, governance, and operational meetings, recording minutes, documenting agreed actions, and monitoring completion of follow-up activities.
Provide professional administrative support, including document management, record keeping, report preparation, meeting coordination, and data entry.
Act as a key point of contact for compliance and organisational enquiries, ensuring stakeholders receive a responsive, professional service and escalating urgent concerns to senior management when required.
Maintain your own training compliance with and ensure they are up to date with regulatory standards.
**This job description is not intended to be exhaustive, and it is likely that duties may be altered from time to time in the light of changing circumstances.**
**What you'll have:**
* Able to communicate effectively with a variety of stakeholders.
* Strong IT skills with the ability to use Word, Excel, and Microsoft Outlook proficiently.
* Excellent organisational skills, attention to detail, and a thorough approach.
* Ability to prioritise workload effectively.
* Knowledge of the care sector and CQC compliance is preferable.
* Significant experience providing administrative support within busy team settings, demonstrating strong organisational skills.
* Demonstrated ability to handle sensitive information with discretion and maintain high standards of professional practice.
* Participation in clinical or team meetings, taking minutes and following up on action points to support governance and operational efficiency.
We also want to ensure that individuals with disabilities are provided reasonable facilities to participate in job applications or interviews to perform essential job functions. To support this, we are a Disability Confident employer.
At Active Care Group we want everyone to feel welcome and supported. We encourage applications from people of all backgrounds and experiences. If you need any reasonable adjustments during the recruitment or interview process, just let us know and we’d be very happy to discuss this with you.
**What to look forward to:**
* 25 days plus bank holidays
* Birthday off
* Join the Active Learning Hub and benefit from a wide range of e learning and face to face training and development opportunities
* Benefits Hub giving discounts and savings on your weekly shop
* Free 24 hour confidential Employee Assistance Programme Helpline & App to support with legal, health, wellbeing, relationship and consumer advice
* A Nest Personal Pension account
* Access to join a Medicash Health Plan for you and your family to save money on everyday health essentials – like going to the dentist or opticians
* We recognise outstanding Active Behaviours via the Active Awards programme
* Enhanced Sick & Maternity Pay benefits
* Refer a Friend Scheme and earn yourself up to £1500 by recommending someone you know
* ......and, of course, the support and guidance of our qualified clinical and business leadership teams so that you can really develop your career with Active Care Group"
Active,Admiral Group,admiral.com,Senior Pricing Analyst,https://www.admiraljobs.co.uk/job/senior-pricing-analyst-in-cardiff-jid-3515,"# Senior Pricing Analyst
Cardiff
1. Full time
Apply
About the job
We are recruiting for a **Senior Credit Strategy and Pricing Analyst** to join our team at Admiral Money!
**About us**
Admiral Money is the dynamic lending arm of Admiral Group, offering personal loans, motor finance, and homeowner loans since 2017. We’re building something special for our customers and are looking for curious, driven individuals ready to learn, take on challenges, and make an impact.
We’re proud to be a certified Great Place to Work for over 25 years, with recognition for Women and Wellbeing. Our inclusive culture empowers everyone to Be You.
Need support during the recruitment process? Just let us know – we’re here to help.
**The role** As a Senior Analyst, you’ll play a key role in the success of **Homeowner Loans** and be a go-to expert in Pricing. You’ll lead complex analysis, shape proposals, and influence decision-making across Retail Pricing & Trading. You’ll also support the development of colleagues, contribute to cross-functional work, and help drive innovation and continuous improvement across the UPL function.
**Key Responsibilities**
* Lead the development and delivery of medium-to-large scale proposals and analytical projects.
* Carry out advanced analysis and modelling to inform pricing, credit, and risk strategies.
* Turn complex data into clear, actionable insights for senior stakeholders.
* Own and enhance simulation tools (e.g. Nexus, Kairos, PD Models), keeping documentation up to date.
* Monitor performance against KPIs and investigate any unexpected trends or outcomes.
* Work closely with cross-functional teams to align strategies with wider business goals.
* Support and coach junior analysts, sharing knowledge and best practice.
* Contribute to improving processes, tools, and ways of working.
**Essential Criteria**
* Solid experience in an analytical, financial, or data-focused role.
* Proven ability to lead complex analysis and contribute to strategic decisions.
* Strong technical capability and experience in credit, pricing, or risk.
**Key Competencies**
**Technical Skills**
* Advanced proficiency in SQL, Python, Power BI, and Git. Ability to independently design and deliver complex analysis. Experience working with simulation tools and model validation.
**Analytical & Problem Solving**
* Experience leading investigations across multiple data sources. Comfortable applying statistical methods and translating findings into strategic insight. Strong attention to data quality.
**Collaboration & People Development**
* Ability to lead smaller projects and support the development of others. Encourages inclusive team working and shares knowledge openly. Helps create a supportive team environment.
**Strategic & Commercial Awareness**
* Proactively identifies opportunities and improvement ideas. Understands ROI and risk trade-offs. Keeps up to date with market and regulatory changes and reflects these in recommendations.
**Delivering Results**
* Takes ownership of end-to-end delivery. Works with stakeholders to ensure alignment with KPIs. Validates outcomes through testing and review.
**Continuous Improvement & Innovation**
* Drives improvements to tools, processes, and ways of working. Maintains and enhances simulation tools. Shares learning and supports a culture of continuous improvement.
**Admiral: Where You Can**
We take pride in being a diverse and inclusive business. It's a place where you can Be You, and show up as you are. We’re committed to fostering a people-first culture where everyone is accepted, supported, and empowered to be brilliant. You can, Grow And Progress at a pace and direction that suits you, Make A Difference for our customers and each other, and Share in Our Future with all colleagues eligible for up to £3,600 of free shares each year after one year of service.
Everyone receives 33 days holiday (including bank holidays) when they join us, increasing the longer you stay with us, up to a maximum of 38 days (including bank holidays). You also have the option to buy or sell up to an additional five days of annual leave.
We’re proud of our people-first culture. In fact, we've been recognised as a Great Place to Work for Women, a Great Place to Work for Wellbeing, and an overall Great Place to Work for over 25 years! We’re fully committed to making sure your progression is not slowed or halted by barriers related to race, gender, age, sexuality or any of the protected characteristics.
Our fantastic benefits make sure our colleagues have a great work-life balance; You can view some of our other key benefits here.
*As a Disability Confident Leader, for candidates with a disability or long-term health condition, that opt into the Disability Confident scheme, we’ll invite a fair and proportionate number of applicants that meet the essential requirements of the role to the first stage of our selection process.*
*If you need any adjustments or support with your application or during the recruitment process, just let us know. Please do email eden.davies39@admiralgroup.co.uk or contact us on 07780038264. **This number is dedicated to supporting candidates that require reasonable adjustments or support during the application process.***"
Active,Adobe Inc.,adobe.com,Enterprise Sales Account Manager - Retail & CPG,https://careers.adobe.com/us/en/job/R170823/Enterprise-Sales-Account-Manager-Retail-CPG,"# Enterprise Sales Account Manager - Retail & CPG
Location
London, London, City of, United Kingdom
Category
Sales
Job Id
R170823
Posted Date 07/27/2026
Apply now
**The Opportunity**
Adobe’s Retail & CPG Industry Sales team focus on driving and supporting value-based outcomes for our RCG industry customers. Our suite of products is market leading in the customer experience space, and we have had terrific success globally with major brands. Our growth targets are ambitious, and we need committed, successful sales people who have the skills, experience and track record to work with their team to develop and drive enterprise wide growth. The successful candidate will need to demonstrate clear enterprise sales skills, and have evidence of leading and supporting individuals across; solution consulting, digital strategy, product specialists, industry experts, marketing, customer success and partner ecosystem - all through the fostering of client relationships. We are seeking talented individuals who have exposure selling into either Retail, CPG, Consumer Goods or Energy space
**What you'll Do**
As an Account Executive within the RCG industry team, you will be responsible for a significant territory of existing clients. You will:
* Manage the relationship closely, help drive value from existing investments and position and grow investment in new Adobe technology.
* Align closely with supporting teams across solution account managers (SAMs), solution consultants, enterprise architects, digital strategy, marketing, inside sales, and many more.
* Lead the engagement with your clients, support a clear value framework, manage communications across c-level executives, and facilitate communications and relationships across their business and ours.
* Generation of net new revenue through driving and developing sales strategies.
* Demonstrate ability to work closely with Partners, Consulting and SC’s.
* Share and build customer references and value metrics per vertical and segment.
* Drive marketing activities and PR activities in collaboration with Marketing.
* Demonstrate solution selling capabilities.
**What you need to succeed**
* Validated Enterprise Software sales experience.
* Have sold into one or all of the following sectors: Retail, CPG, Consumer Goods or Energy space
* Ability to demonstrate an understanding of the compliance and regulation which drives the sector.
* Track record of achieving/exceeding sales quota and market share goals.
* Show success in selling to executives, VP and/or ""C"" level – preferably CMO/Digital Leaders.
* Excellent networking ability.
* Skilled solution seller with proven ability to build win-win proposals.
* Outstanding communication, presentation and negotiation skills (verbal and written).
* Excellent organizational and time management skills.
* Able to maintain a high level of efficiency and work effectively in a fast-paced, collaborative and team-oriented environment.
* Ambitious and focused.
**About Adobe**
Adobe empowers everyone to create through innovative platforms and tools that unleash creativity, productivity and personalized customer experiences. Adobe’s industry-leading offerings including Adobe Acrobat Studio, Adobe Express, Adobe Firefly, Creative Cloud, Adobe Experience Platform, Adobe Experience Manager, and GenStudio enable people and businesses to turn ideas into impact, powered by AI and driven by human ingenuity.
Our 30,000+ employees worldwide are creating the future and raising the bar as we drive the next decade of growth. We’re on a mission to hire the very best and believe in creating a company culture where all employees are empowered to make an impact. At Adobe, we believe that great ideas can come from anywhere in the organization. The next big idea could be yours.
**Let’s Adobe together**
At Adobe, we believe in creating a company culture where all employees are empowered to make an impact. Learn more about Adobe life, including our values and culture, focus on people, purpose and community, Adobe for All, comprehensive benefits programs, the stories we tell, the customers we serve, and how you can help us advance our mission of empowering everyone to create.
Adobe is proud to be an Equal Employment Opportunity employer. We do not discriminate based on gender, race or color, ethnicity or national origin, age, disability, religion, sexual orientation, gender identity or expression, veteran status, or any other protected characteristic. Learn more.
Adobe aims to make our Careers website and recruiting process accessible to any and all users. If you have a disability or special need that requires accommodation to navigate our website or complete the application process, email accommodations@adobe.com or call +1 408-536-3015.
**AI Use Guidelines for Interviews:** Our interviews are designed to reflect your own skills and thinking. The use of AI or recording tools during live interviews is not permitted unless explicitly invited by the interviewer or approved in advance as part of a reasonable accommodation. If these tools are used inappropriately or in a way that misrepresents your work, your application may not move forward in the process.
At Adobe, we empower employees to innovate with AI — and we look for candidates eager to do the same. As part of the hiring experience, we provide clear guidance on where AI is encouraged during the process and where it’s restricted during live interviews. See how we think about AI in the hiring experience."
Active,Adtechtalent,adtechtalent.com,New Business Sr Account Executive Performance Media UK,https://adtechtalent.com/jobs/new-business-sr-account-executive-performance-media-uk,"# New Business Sr Account Executive Performance Media UK
salesadtechmartechenterprise salescrmsalesforcelinkedin sales navigatorsimilarwebconsultative sellingmeddicspinsandlerpipeline managementforecastingsocial sellingukireland
Ready to apply?
Join Criteo and work on a role built for experienced AdTech operators.
Apply nowBack to jobs
Quick snapshot
London, United Kingdom
Permanent Full Time
## Key details
Salary
Not specified
Employment type
Permanent Full Time
Seniority
Senior
Years experience
5-10
Location
London, United Kingdom
## Full job description
Senior Account Executive role based in London, UK, responsible for new business development in the UK & Ireland market. The role involves managing the full sales cycle, building strategic relationships with large and enterprise clients, and representing Criteo at industry events. Requires minimum 5 years senior sales experience in complex technology sales, preferably in AdTech/MarTech, with strong consultative selling skills and familiarity with sales methodologies like MEDDIC, SPIN, or Sandler. The position offers a hybrid working model and benefits including career development, health and wellness support, and performance-based rewards.
### What you'll do
* Expand client base across UK & Ireland by managing all sales cycle aspects from prospecting to closing and onboarding
* Develop and lead strategic action plans to hit and exceed revenue targets across large and enterprise segments
* Build and nurture long-term relationships with senior decision-makers acting as a trusted advisor
* Position Criteo as a trusted growth partner through insight-led, value-driven engagement
* Represent Criteo externally at industry events, executive forums, trade bodies, and client engagements
* Anticipate market trends and customer needs to inform commercial strategy and share intelligence internally
* Operate autonomously while collaborating cross-functionally with internal teams including Technical, Marketing, Product, and Account Management
* Utilize Salesforce CRM, SimilarWeb, and LinkedIn Sales Navigator to optimize pipeline development and conversion
* Contribute to a positive, high-performing team culture by sharing best practices and supporting colleagues
### Requirements
* Senior-level sales experience (min. 5 years) with a strong track record of closing high-value deals with large and enterprise clients in the UK & Ireland market
* Demonstrated success in complex and multiproduct technology sales, ideally within the AdTech/MarTech industry or the marketing agency landscape
* Strong consultative selling skills and ability to engage confidently with C-level and senior stakeholders
* Familiarity with sales methodologies such as MEDDIC, SPIN, or Sandler
* Strategic thinker with excellent pipeline management and forecasting capabilities
* Strong executive presence and communication skills
* Natural leader and collaborative team player
* Autonomous, proactive, and comfortable navigating complexity
* Analytical mindset with data-driven decision-making capabilities
* Active in social selling and industry engagement with an established network in the UK & Ireland digital advertising ecosystem
* Fluent in English; knowledge of Irish market nuances is a plus
### Tech stack
Salesforce CRMSimilarWebLinkedIn Sales Navigator
### Benefits
Hybrid working model blending home and in-office experiencesLearning, mentorship & career development programsHealth benefits, wellness perks & mental health supportDiverse, inclusive, and globally connected teamAttractive salary with performance-based rewards and family-friendly policiesPotential for equity depending on role and level
## Apply now
Ready to take the next step in your career? Click the button below to continue to the application process."
Active,Adtechtalent,adtechtalent.com,"Ecosystem Sales Engineer, Large Customer Sales",https://adtechtalent.com/jobs/ecosystem-sales-engineer-large-customer-sales-1,"# Ecosystem Sales Engineer, Large Customer Sales
pythonjavascriptsqlapigoogle adsgoogle marketing platformgoogle cloudbigqueryaimachine learningdata analyticsprogrammaticpre-salestechnical consultingad techmartechsales engineer
Ready to apply?
Join Google and work on a role built for experienced AdTech operators.
Apply nowBack to jobs
Quick snapshot
London, United Kingdom
Full-time
## Key details
Salary
Not specified
Employment type
Full-time
Seniority
Senior
Years experience
5-10
Location
London, United Kingdom
## Full job description
The role is for a senior Ecosystem Sales Engineer on the Global Agency and Third Party Ecosystem team. Requires 8 years of client-facing pre-sales, technical consulting, or solutions engineering experience (6 years with advanced degree). Must have software development and programming skills (Python, JavaScript, SQL), experience with enterprise API integrations, and expertise in architecting technology and data solutions in digital advertising, MarTech, or cloud ecosystems. Preferred experience includes advanced marketing activations, secure data pipelines, custom API connections, and deep knowledge of Google Ads, GMP, Google Cloud (BigQuery, AI/ML, Data Analytics). Responsibilities include translating pre-sales strategy into technical integrations with third-party partners, serving as technical authority during architectural design, developing scalable cross-product blueprints, documenting solutions, and providing intelligence to Product and Engineering teams. The role supports Google's Large Customer Sales teams by helping clients navigate industry shifts and driving business growth through Google's advertising solutions. Location is London, UK.
### What you'll do
* Turn pre-sales strategy into meaningful integrations with Third-Party Ecosystem partners through technical consultation
* Conduct advanced technical in-depth design to create optimal integrations maximizing impact for Advertisers and Google
* Serve as the technical authority during architectural design phase ensuring Google’s product priorities are integrated
* Develop scalable cross-product blueprints for partner disciplines
* Document advanced third-party ecosystem solutions and analyze engaged offerings
* Deliver actionable intelligence to Product and Engineering teams to influence Google's future product roadmap
* Collaborate with Large Customer Sales teams to support strategic partners and industry thought leaders
* Help customers navigate industry shifts and drive business performance by selling Google's advertising solutions
* Collaborate with executives, influence market strategies, and deliver results impacting global businesses and Google growth
### Requirements
* Bachelor's degree or equivalent practical experience
* 8 years of industry experience in client-facing pre-sales, technical consulting, or solutions engineering, or 6 years with an advanced degree
* Experience with software development, programming (Python, JavaScript, SQL), and enterprise API integrations
* Experience architecting technology and data solutions within digital advertising, MarTech, or cloud computing ecosystems
* Experience developing advanced marketing activations, secure data pipelines, and custom API connections
* Deep expertise across Google’s advertising platforms (Google Ads, GMP) and Google Cloud (BigQuery, AI/ML, Data Analytics)
* Ability to translate complex technical solutions into persuasive storytelling for executive audiences
* Ability to bridge pre-sales agreement shaping, architectural foresight, and post-sales technical delivery
* Proven track record in driving value within the third-party ecosystem (agencies, SIs, ISVs)
### Tech stack
PythonJavaScriptSQLAPI integrationsGoogle AdsGoogle Marketing Platform (GMP)Google CloudBigQueryAI/MLData Analytics
## Apply now
Ready to take the next step in your career? Click the button below to continue to the application process.
Continue to applicationBrowse more jobs"
Active,Advania Group,advania.co.uk,Automation Strategic Consultant Consulting · Any UK Office Location ·,https://belong.advania.co.uk/jobs/8116312-automation-strategic-consultant,"# Automation Strategic Consultant
## We are looking for an Automation Strategic Consultant to join our team in London or Manchester.
**Automation Strategic Consultant**
**Position Overview**
In this role, you will guide our clients automaton journeys through pre-sales, road mapping, architecting complex solutions and increasing adoption across their user base.
This is an excellent opportunity to showcase your SME experience and technical skills with a diverse client base, ranging from household names to boutique businesses. In return, we offer a friendly and collaborative culture with strong opportunities for continuous learning and development.
Please note, we may require you to obtain security clearance (SC) in the future, so for that reason you will need to be a British passport holder with 5 years residency in the UK to be considered for this role.
**Salary & Benefits**
The budgeted salary for this role is between **£60,000 and £70,000 a year**, depending on experience.
**Click here** for the list of benefits.
**Hybrid working**
We recognise the benefits that remote and flexible working brings.
We operate a hybrid working policy that allows our employees to balance time in the office and time from home. Each team within our organisation can decide how to implement this policy. If you have any questions after applying, please reach out to our recruitment team.
**Responsibilities** Advania’s Automation team partners with clients throughout their digital transformation journeys in the age of AI, helping them shift the responsibility of repetitive tasks to technology.
The focus of this role is to drive forward the growth of our Automation capability and enable our most strategic clients to realise value through Microsoft technologies.
The key areas of the role include:
* Delivering fantastic work for clients across both solution build and advisory engagements
* Supporting Advania in achieving their Microsoft accreditation objectives via certifications
* Supporting digital transformation in their wider objectives within Consulting
**What Success Looks Like**
* Positive client feedback
* Completion of Microsoft Certifications
**Qualifications & Experience**
The right candidate for this role will:
* Be Microsoft Certified in Power Platform
* Ideally have previous Microsoft Partner experience
* Possess expert SME knowledge in one or more area of the Power Platform, including Power Apps, Power Automate and Co-Pilot Studio
* Have experience in defining governance and best practices for the Power Platform
* Have experience in leading workshops, consulting directly with clients and gathering requirements
* Have a track record working with the wider Microsoft product stack (particularly SharePoint Online & Dynamics Products)
* Possess experience of broader Microsoft Automation & AI capabilities across Azure
* Have experience and confidence in leading projects in a services or consulting organisation / practice.
* Have experience supporting future sales, proposal writing and identifying additional opportunities within current clients
**About Us:** We are the tech company with people at heart.
At Advania, we believe in empowering people to create sustainable value through the clever use of technology. As one of Microsoft's leading partners in the UK, specialising in Azure, Security, Dynamics 365, and Microsoft 365, we have a proven track record of success in delivering transformational IT services.
**Our Selection Process:**
We are committed to ensuring an equitable experience for all candidates, regardless of race, religion or belief, ethnic or national origin, disability, age, citizenship, marital, domestic or civil partnership status, sexual orientation, gender identity, or any other basis as protected by applicable law.
Please do let us know if you’ll need any reasonable adjustments as part of the selection process by highlighting these on your application form.
As part of our commitment to our clients we will need to carry out background checks, including a criminal record check, for all offers of employment. If you have any unspent criminal convictions or questions about the screening process, please notify your recruiter once the application has been submitted.
**#LI-Hybrid**"
Active,Advania Group,advania.co.uk,Automation Associate Consultant Consulting · Any UK Office Location ·,https://belong.advania.co.uk/jobs/8116281-automation-associate-consultant,"# Automation Associate Consultant
## We are looking for an Automation Associate Consultant to join our team in London or Manchester.
**Automation Associate Consultant**
**Position Overview:**
Advania’s Automation team partners with clients throughout their digital transformation journeys in the age of AI, helping them shift the responsibility of repetitive tasks to technology.
The focus of this role is to drive forward the growth of our Automation capability and enable our most strategic clients to realise value through Microsoft technologies.
This is an excellent opportunity to showcase your SME experience and technical skills with a diverse client base, ranging from household names to boutique businesses. In return, we offer a friendly and collaborative culture with strong opportunities for continuous learning and development.
Please note, we may require you to obtain security clearance (SC) in the future, so for that reason you will need to be a British passport holder with 5 years residency in the UK to be considered for this role.
**Salary & Benefits**
The budgeted salary for this role is between **£45,000 and £55,000 a year**, depending on experience.
**Click here** for the list of benefits.
**Hybrid working**
We recognise the benefits that remote and flexible working brings.
We operate a hybrid working policy that allows our employees to balance time in the office and time from home. Each team within our organisation can decide how to implement this policy. If you have any questions after applying, please reach out to our recruitment team.
**Responsibilities**
* Delivering fantastic work for clients across both solution build and advisory engagements
* Supporting Advania in achieving their Microsoft accreditation objectives via certifications
* Supporting digital transformation in their wider objectives within Consulting
**What Success Looks Like**
* Positive client feedback
* Completion of Microsoft Certifications
**Qualifications & Experience**
* Be Microsoft Certified in Power Platform
* Ideally have previous Microsoft Partner experience
* Possess expert SME knowledge in one or more area of the Power Platform, including Power Apps, Power Automate and Copilot Studio
* Have experience in defining governance and best practices for the Power Platform
* Have experience in leading workshops, consulting directly with clients and gathering requirements
* Have a track record working with the wider Microsoft product stack (particularly SharePoint Online & Dynamics Products)
* Possess experience of broader Microsoft Automation & AI capabilities across Azure
* Have experience and confidence in leading projects in a services or consulting organisation / practice.
* Have experience supporting future sales, proposal writing and identifying additional opportunities within current clients
**About Us:** We are the tech company with people at heart.
At Advania, we believe in empowering people to create sustainable value through the clever use of technology. As one of Microsoft's leading partners in the UK, specialising in Azure, Security, Dynamics 365, and Microsoft 365, we have a proven track record of success in delivering transformational IT services.
**Our Selection Process:**
We are committed to ensuring an equitable experience for all candidates, regardless of race, religion or belief, ethnic or national origin, disability, age, citizenship, marital, domestic or civil partnership status, sexual orientation, gender identity, or any other basis as protected by applicable law.
Please do let us know if you’ll need any reasonable adjustments as part of the selection process by highlighting these on your application form.
As part of our commitment to our clients we will need to carry out background checks, including a criminal record check, for all offers of employment. If you have any unspent criminal convictions or questions about the screening process, please notify your recruiter once the application has been submitted."
Active,AECOM,lighthousegames.com,Game Designer,https://jobs.workable.com/view/1V6ueM9tHNzRWCDv2JPwDa/game-designer-in-royal-leamington-spa-at-lighthouse-games,"Lighthouse Games is a new AAA studio in Leamington Spa. We are defined by our pedigree of talent, and serious ambition to build a new best-in-class game. When you join us at Lighthouse, you will be able to create the best work of your career, in an environment that feels truly collaborative. You will learn from the best, and work along side the future greats of the gaming industry.
Work within a talented design team, to create innovative feature, gameplay and system designs, both written and technical, to the highest possible standards. Be an effective communicator to make sure that designs can be translated from written/technical prototypes, into fully implemented features.
Key Duties Work within a talented, multi-discipline design team and produce detailed feature and system designs to the highest possible quality.
Maintain and iterate on those designs, based upon feedback and the changing nature of the production process.
Utilise in-engine tools to produce gameplay examples and concepts.
Be pro-active in developing good lines of communication with team members responsible for the implementation of features and systems.
Experience in a design role working on a previously AAA-published game.
Previous experience in the creation of feature and systems design documentation and prototype specifications.
A solid understanding of gameplay systems and principles.
High level of knowledge of the current games market and a real passion for games.
Effective and comfortable communicator.
25 Days Holiday, plus 1 day for your birthday
Studio Shutdown between Christmas and New Year
Bonus Scheme
Private Pension Scheme
Private Healthcare"
Active,AES Group Ltd,aesgrp.com,Software Developers,https://www.aesgrp.com/vacancies,As part of our on-going expansion plans we are looking for team players to join our development team who will hit the ground running working with like minded developers.
Active,Affinity Water Limited,affinitywater.co.uk,Acoustic Logging Technician Customer Delivery · Luton ·,https://www.affinitywatercareers.co.uk/jobs/8124145-acoustic-logging-technician,"# Acoustic Logging Technician
We usually respond within a week
##### Acoustic Logging is an important part of our Active Leakage Control activity, helping us to continuously reduce leakage levels and quickly respond to leak alarms when leaks break out.
We are looking for enthusiastic and dedicated Acoustic Logging Technician to join our team in monitoring and managing water network acoustics. This role offers a fantastic opportunity to gain hands-on experience in environmental technology while developing essential technical skills. With full training provided, you’ll be part of a team dedicated to ensuring the efficiency and safety of our water network.
**What you'll be doing:**
* Work outdoors across various locations to locate water main fittings and conduct acoustic logging.
* Use electronic leak detection equipment to take noise samples from the water network.
* Accurately document activities following companies reporting process
* Adhere to all health and safety protocols, including the safe handling of equipment and heavy items like manhole covers.
* Maintain KPI’s ( H&S reporting requirements, training and deployment/ collection of loggers minimum of 80 per day)
**What you need:**
* Enjoy working outdoors in all weather conditions, day or night.
* Possess basic proficiency in maths and English.
* Have basic IT skills, including familiarity with digital recording and documentation.
* Be willing to work flexible hours, including nights as required.
* Be comfortable working independently and as part of a team.
* Be physically capable of working in an environment that requires lifting and moving equipment daily adhering to manual handling techniques. Training will be provided.
* Hold a full UK driving licence
**Benefits:**
* Competitive salary
* Learning and development opportunities, including mentoring and a range of formal courses and open learning resources.
* Entry into the company annual bonus scheme.
* Annual leave from ***23-27*** rising with length of service, and the option to purchase up to 5 extra days.
* A ‘Celebration Day’ in addition to public holidays that people can use to celebrate a religious festival or other occasion that is important to them.
* A generous 'double match pension scheme' that doubles the contributions you make (company contribution capped at 12%)
* We offer a range of family benefits including enhanced Maternity, Adoption, Paternity, Shared Parental Leave, Fertility Support Leave and up to 5 full or 10 half days of paid Carers Leave.
* Menopause policy and Reasonable Adjustment policy to help everyone perform at their best.
* Access to our Wellbeing Centre with support for looking after your physical and mental health.
* Discounts at a Range of Retail Outlets and on Dental and Medical Insurance through our Tap4Perks scheme.
* Up to 4 Affinity days a year to volunteer in the community.
* Life Assurance.
##### **Disability Confident**
As a Disability Confident employer, we’re committed to offering interviews to disabled candidates who meet the essential criteria and opt in on the application form. Ask the Talent Acquisition lead for the full job description to see all the criteria. If we have a very high volume of applicants and we’re not able to offer interviews to all, we’ll take a fair and proportionate number of disabled candidates through.
**Affinity Water recognises the benefits of greater diversity in our workforce to better reflect the communities we serve. We are committed to building a more inclusive culture where every member of our workforce can thrive.**
**You can find out what it’s like to work at Affinity Water through our career site** **https://www.affinitywatercareers.co.uk/** **where our colleagues share their career development stories and you can get a feel for our company culture.**
Department
: Customer Delivery
Locations
: Luton
Remote status
: Hybrid
Yearly salary
: £26,936
Employment type
: Full-time
Contact
Hayley Savory
Talent Acquisition Partner"
Active,Affinity Water Limited,affinitywater.co.uk,Leakage Control Technician - Rickmansworth Customer Delivery · Rickmansworth,https://www.affinitywatercareers.co.uk/jobs/8123611-leakage-control-technician-rickmansworth,"# Leakage Control Technician - Rickmansworth
## Closing date 7th August 2026
We usually respond within a week
##### Affinity Water are looking for talented and driven individuals to join us as Leakage Control Technicians. This is a varied and challenging role within Asset Strategy, detecting leakage and unaccounted-for water in our network whilst providing an excellent experience to Affinity Water customers. Successful candidates will ensure that work is carried out safely and in compliance with company procedures and will take ownership within assigned District Metered Area’s (DMA’s) to deliver set leakage targets.
**What you'll be doing**
* Carry out Leakage detection surveys across our water mains network using various detection techniques across the Central company area. This area extends from Saffron Walden to Woking. Affinity Water supply area is available online if you wish to view it for yourself. We will endeavour to keep you in a region within that supply area but this could change depending on need of the business.
* Occasional travel made be requested to the other areas Affinity Water supply for which additional incentives are provided. These additional areas are Affinity Water East and Affinity Water South East.
* Work collaboratively with our internal customers to understand and facilitate their requirements.
* You will be required to work fully independently and use your own initiative to solve problems in the field and find effective solutions.
* This job does require lone working in a field-based environment
* You will work towards a set standard of performance which will be regularly monitored
* Use mapping and telemetry software to enhance surveys.
* Use works management systems to report and raise jobs
* Detect leakage and unaccounted for water in our network safely making sure that all hazards are reported daily and in real time.
* Communicate with other departments on any network corrections or when we raise certain work to be repaired.
**Requirements**
* Experienced in the use of leakage equipment and tools
* Experienced in the use of all leakage methodologies and techniques
* Experienced in the use of all leakage systems such as Waternet and GIS
* This role involves a fair amount of physical activity including a lot of walking, bending and some lifting of heavy objects.
* Manual handling training will be provided but a degree of physical fitness is needed.
* Keen hearing is also an essential to be able to identify noises that could indicate a leak
* Must hold a full driving licence
**Full job description please email Hayley Savory - hayley.savory@affinitywater.co.uk**
**Benefits:**
* Competitive salary based on skills and experience. Up to £46,507 (Basic £41,462 + Flex allowance £5,045 + leakage premium (nights) £1,035)
* Learning and development opportunities, including mentoring and a range of formal courses and open learning resources.
* Entry into the company annual bonus scheme.
* Annual leave from ***23-27*** rising with length of service, and the option to purchase up to 5 extra days.
* A ‘Celebration Day’ in addition to public holidays that people can use to celebrate a religious festival or other occasion that is important to them.
* A generous 'double match pension scheme' that doubles the contributions you make (company contribution capped at 12%)
* We offer a range of family benefits including enhanced Maternity, Adoption, Paternity, Shared Parental Leave, Fertility Support Leave and up to 5 full or 10 half days of paid Carers Leave.
* Menopause policy and Reasonable Adjustment policy to help everyone perform at their best.
* Access to our Wellbeing Centre with support for looking after your physical and mental health.
* Discounts at a Range of Retail Outlets and on Dental and Medical Insurance through our Tap4Perks scheme.
* Up to 4 Affinity days a year to volunteer in the community.
* Life Assurance.
##### **Disability Confident**
As a Disability Confident employer, we’re committed to offering interviews to disabled candidates who meet the essential criteria and opt in on the application form. Ask the Talent Acquisition lead for the full job description to see all the criteria. If we have a very high volume of applicants and we’re not able to offer interviews to all, we’ll take a fair and proportionate number of disabled candidates through.
**Affinity Water recognises the benefits of greater diversity in our workforce to better reflect the communities we serve. We are committed to building a more inclusive culture where every member of our workforce can thrive.**
**You can find out what it’s like to work at Affinity Water through our career site** **https://www.affinitywatercareers.co.uk/** **where our colleagues share their career development stories and you can get a feel for our company culture.**"
Active,Affinity Water Limited,affinitywater.co.uk,Commercial Sampler Asset Strategy & Capital Delivery · Staines,https://www.affinitywatercareers.co.uk/jobs/8082327-commercial-sampler,"# Commercial Sampler
## Closing date 30th July 2026
We usually respond within a week
##### **Affinity Water has an exciting opportunity to become a Commercial Sampler within Affinity Water working within our Scientific Services Commercial Team.**
**The Role:**
The purpose of this role is to help support the growth of existing commercial contracts and perform routine and non-routine sampling and compliance tasks within the Scientific Services Commercial team. The team undertake legionella monitoring and various other water quality sampling activities.
The role involves working alone on the day-to-day collection of water samples under strict quality control procedures from commercial premises that must meet UKAS (DWTS) requirements. The role will also involve working in partnership with the sampler centre and laboratory teams across the business. Full training will be provided.
**What you'll be doing:**
* Adherence to all UKAS, DWI, and LCA procedures and instructions at all times.
* Excellent time management and organisation skills to balance competing obligations and deliver performance expectations.
* Liaise with customers and provide excellent customer service at all times.
* Communicate effectively with internal and external stakeholders.
* A willingness to learn more about keeping water systems safe and about the chemical treatment solutions to eradicate bacterial contamination.
**What you'll need:**
* Strong attention to detail.
* Ability to follow protocols accurately.
* Competent in Microsoft Office packages.
* Water Industry Experience (Desirable, not essential)
* Full UK Manual Driving Licence.
Advert Closing Date: 30/07/2026
**Benefits:**
* Salary: £26,852
* Hours of work: 08:30am - 16:30pm (Mon - Thurs) 08:30am - 16:00pm (Friday)
* Company Van
* Learning and development opportunities, including mentoring and a range of formal courses and open learning resources.
* Entry into the company annual bonus scheme.
* Annual leave from **23 - 27 days** rising with length of service, and the option to purchase up to 5 extra days.
* A ‘Celebration Day’ in addition to public holidays that people can use to celebrate a religious festival or other occasion that is important to them.
* A generous 'double match pension scheme' that doubles the contributions you make (company contribution capped at 12%)
* We offer a range of family benefits including enhanced Maternity, Adoption, Paternity, Shared Parental Leave, Fertility Support Leave and up to 5 full or 10 half days of paid Carers Leave.
* Menopause policy and Reasonable Adjustment policy to help everyone perform at their best.
* Access to our Wellbeing Centre with support for looking after your physical and mental health.
* Discounts at a Range of Retail Outlets and on Dental and Medical Insurance through our Tap4Perks scheme.
* Up to 4 Affinity days a year to volunteer in the community.
* Life Assurance.
* Disability confident: if you need to apply in a different format, please contact us
**Disability Confident**
As a Disability Confident employer, we’re committed to offering interviews to disabled candidates who meet the essential criteria and opt in on the application form. Ask the Talent Acquisition lead for the full job description to see all the criteria. If we have a very high volume of applicants and we’re not able to offer interviews to all, we’ll take a fair and proportionate number of disabled candidates through.
**Affinity Water recognises the benefits of greater diversity in our workforce to better reflect the communities we serve. We are committed to building a more inclusive culture where every member of our workforce can thrive.**
**You can find out what it’s like to work at Affinity Water through our career site** **https://www.affinitywatercareers.co.uk/** **where our colleagues share their career development stories and you can get a feel for our company culture.**
Department
: Asset Strategy & Capital Delivery
Locations
: Staines
Yearly salary
: £26,852
Employment type
: Full-time"
Active,AG Barr Plc,agbarr.co.uk,Business Development Representative - East Midlands,https://apply.workable.com/ag-barr/j/BF19AFD5A5,"# Business Development Representative - East Midlands
**On-site**Commercial, ImpulseFull timeAGB1838
Nottingham, England, United Kingdom
Derby, England, United Kingdom
Lincoln, England, United Kingdom
## Description
Job Title: **Business Development Representative**
Location: **Field based - East Midlands**
Contract and working pattern: **Permanent,** **37.5 hours per week**
Base salary: **£26,500 - £27,800**
AG Barr is a leading UK soft drinks business, home to iconic brands like IRN-BRU, Rubicon, Boost, and FUNKIN. For over 150 years, we have been building great brands and championing a responsible business that values diversity, community, and minimising environmental impact.
We are seeking an ambitious and results-driven Business Development Representative (BDR) to become the face of our brands across a dedicated territory. This field sales role is essential for driving our growth within the crucial Symbols & Independents (S&I) retail sector. As part of a collaborative territory team, your ability to work together to achieve shared goals will be crucial to our collective success
**What we're looking for...**
As a BDR, you will be a key player in the National Field Sales Team, taking direct responsibility for supporting and growing our presence within a defined portfolio of Impulse outlets. Your work will be guided by our principles: GAIN, RETAIN, MAXIMISE.
### Sales & Growth Execution
* Proactive Distribution: Determined pursuit of distribution and availability of the AG Barr core brand range, educating retailers on our Hero, Core, and More brands to increase sales.
* Target Delivery: Consistently achieve sales KPIs, including market share growth, display placement, availability, and overall scorecard improvement, using data to track performance and demonstrate growth.
* Energy Focus: Play a vital, frontline role in delivering our ongoing Energy Portfolio distribution plan, capitalising on this high-growth sector.
### Category Expertise & Partnership
* Build Lasting Relationships: Be a personable and relatable partner, building rapport quickly to secure commitment from customers and present our brands with confidence.
* Trusted Advisor: Use your market insight to educate retailers, offering support with re-merchandising to maximise sales for both the retailer and AG Barr.
* Execution with Excellence: Sell and communicate brand plans with an exceptional eye for detail, ensuring our brands are perfectly represented at the point of purchase through impactful Point of Sale (POS) materials.
### Field Operations & Collaboration
* Flawless Organisation: Maintain excellent time management, effective route planning, and meet call targets to maximise your day and ensure you have all POS materials organised for each visit.
* Team Collaboration: Operate as a key part of a broader territory team, demonstrating a collaborative spirit to achieve shared goals and share market intelligence.
**What you'll bring...**
We know that top Business Development talent comes from every background - from hospitality and retail to sales and customer support. We are looking for the mindset and capability, not just the job title. If you have experience excelling in a customer-focused role and recognise yourself in the winning traits below, you already possess the DNA we need to succeed.
* Proactive Initiative & Self-Motivation: You are a self-starter who actively seeks out opportunities, follows up without prompting, and thrives working unsupervised to exceed targets.
* Resilience and Confidence: You bounce back quickly from rejection and communicate with conviction that comes from a genuine belief in our products and your own ability.
* Exceptional Communication & Relatability: You are clear, concise, and responsive, building rapport quickly and making every customer feel heard and understood.
* Learning Agility: You are curious, coachable, and quick to grasp new product information and market trends, allowing you to adapt your strategy based on feedback and results.
* Deep Customer Insight: You are skilled at understanding the customer base, their pain points, and the retailer landscape to tailor your approach and build powerful partnerships.
**Essential Requirements:**
* **Must hold a full, valid UK driving license.**
* Must be comfortable working directly with alcohol products, including our Funkin Cocktails line, as this is a core part of the daily duties
* Excellent written and verbal communication skills are essential for this customer-facing role
* Flexibility to attend occasional monthly team meetings, which may require overnight stays
If you thrive on independence, love being on the road, and have a passion for driving sales in the competitive world of convenience retail, apply now!
**What we offer...**
We believe in creating a diverse and inclusive culture where your voice can be heard. Our skilled, loyal and committed people are critical to the future success of AG Barr which is why we are continually investing in our employees to develop their talent.
We look after our employees by offering a competitive salary and benefits package which includes;
* Competitive Salary reviewed annually
* Quarterly bonus linked to business performance
* Company Car to fulfil the needs of the job
* Defined contribution Pension
* 34 days holiday
* Flexible holiday trading
* Flexible cash pot to spend on benefits
* Healthcare Cash Plan
* Flexible benefits e.g. discounts & cashbacks, gym memberships, technology purchases etc
* Life assurance
* Save as you earn scheme
* Staff sales discount
And much more!
To find out more about what it is like to work for AG Barr, please visit our careers platform
We are an equal opportunities employer and happy to discuss any reasonable adjustments that may be needed for successful candidates with a disability, health or mental health condition.
Speculative CVs from agencies will not be accepted.
Please note, we may close vacancies early where we receive significant numbers of applications, so apply now!
#IND1"
Active,AG Barr Plc,agbarr.co.uk,National Account Manager - Value Retail,https://apply.workable.com/ag-barr/j/26E1E02C40,"# National Account Manager - Value Retail
**Remote**Commercial, RetailFull timeAGB1833
United Kingdom
## Description
**Job Title: National Account Manager - Value Retail**
**Location: Field Based**
**Contract and working pattern: 37.5 hours per week**
**Lets Grow!!!**
We are all about Being Your Best Barr None and having a career with real Moments that Matter!
Employing around 850 people across the UK, we are proud to be a responsible business that takes care of our people, values diversity, gives something back to our communities and works to minimise our environmental impact.
For 150 years AG Barr has been building great brands and is home to some of the nations favourite flavours.
At our core is IRN-BRU, launched in 1901 and still going strong today, the vibrant RUBICON fruit based brand, Boost making every moment better with a caffeine kick, hydration hit or tasty treat, and FUNKIN where real fruit means authentic taste.
We also have a number of exciting owned brands within our portfolio including MOMA, which crafts quality oats into great tasting oat drinks and porridges.
There's never been a better time to join us!
**What we're looking for...**
We're looking for a National Account Manager to join our team. In this exciting role, you'll be responsible for leading and growing our key customer accounts such as B&M and Home Bargains, developing and executing strategic plans that align with both our business objectives and our customers' needs.
We're looking for someone with a strong commercial understanding who can effectively manage accounts and deliver sustainable growth. You'll be the face of AG Barr for your designated portfolio, cultivating key relationships and driving the performance of your accounts.
If you are a great communicator with a knack for balancing customer satisfaction and business goals, we want to hear from you. Join us and help shape the future of our partnerships!
**As our Value Retail National Account Manager, you will be responsible for:**
* Account Management: Lead key relationships to deliver accelerated growth within the account, taking ownership of the P&L for your area, including: leading JBP negotiations, proposing and managing promotions and spend, forecasting and reporting accurately internally through the monthly cycle. Take full ownership of the account, leading the JBP, managing key buyer relationships, managing promotional activities, forecasting, and working collaboratively with key internal and external teams to deliver business objectives. Ensure accurate and timely delivery of forecasts and business targets.
* Commercial Understanding: Develop a strong understanding of your P&L and how to drive profitable, sustainable growth within the account, to deliver against the growth objectives for the business
* Forecasting & Data Management: Own the process for weekly, period, and annual forecasting, using multiple data sources to generate accurate and actionable forecasts. Work closely with the supply chain team to ensure forecasts are executed seamlessly.
* Negotiation & Influencing: Build comprehensive joint business plans with our Discount customers, in collaboration with the Business Unit Controller and other account managers, to leverage strategic partnership and land drive key business objectives
* Building Customer Influence: Adapt communication style and approach to align with customer needs. Gain deep insights into customers' internal systems and objectives, using this knowledge to create effective and customer-centric plans.
* Training & Development: Proactively manage personal and team development, ensuring competencies align with commercial goals. Provide leadership and guidance, developing skills through performance reviews, coaching, and mentoring to cultivate future leaders within the business.
* Collaboration & Cross-Functional Work: Build strong relationships internally with the cross-functional team (shopper, category, digital, supply chain, category etc) and externally with key external stakeholders
**What you'll bring...**
* Experience in account management within an FMCG environment
* Strong understanding of P&L management, forecasting, and business development
* Proven ability to build and deliver joint business plans and negotiate effectively to drive results.
* Experience in managing senior-level relationships internally and externally. Ability to influence decision-makers and effectively present at various organisational levels.
* Strong IT skills, including proficiency with CRM, forecasting tools, and Google Office.
* Excellent presentation and communication skills, with the ability to engage effectively with both internal teams and external stakeholders.
* Lots of energy, positivity and a drive to be part of exciting change!
You will also demonstrate our AG Barr behaviours of Being Honest, Accountable, Connected and Brave.
**What we offer...**
We believe in creating a diverse and inclusive culture where your voice can be heard. Our skilled, loyal and committed people are critical to the future success of AG Barr which is why we are continually investing in our employees to develop their talent.
We look after our employees by offering a competitive salary and benefits package which includes;
* Uncapped bonus linked to business performance
* Defined contribution Pension
* Up to 34 days holiday (depending on shift pattern)
* Flexible holiday trading
* Flexible cash pot to spend on benefits
* Healthcare Cash Plan
* Flexible benefits e.g. discounts & cashbacks, gym memberships, technology purchases etc
* Life assurance
* Save as you earn scheme
* Staff sales discount
* Free AG Barr products throughout your working day and staff sales
* Annual salary review
* Ongoing professional development and access to Learning and Development programmes and content
And much more!
To find out more about what it is like to work for AG Barr, please visit our careers platform
We are an equal opportunities employer and happy to discuss any reasonable adjustments that may be needed for successful candidates with a disability, health or mental health condition.
While we have highlighted our ideal requirements for this role, we are realistic that the successful candidate probably won't meet every single requirement in this advert, but we are big advocates of people growing in role. So even if you don't meet every single requirement, we encourage you to submit an application - you may be just what we are looking for! Apply now!
Speculative CVs from agencies will not be accepted.
**Latest closing date for applications is 2nd August**
Please note, we may close vacancies early where we receive significant numbers of applications, so apply now!"
Active,AG Barr Plc,agbarr.co.uk,Business Development Representative - West Midlands,https://apply.workable.com/ag-barr/j/07E55EE548,"# Business Development Representative - West Midlands
**On-site**Commercial, ImpulseFull timeAGB1837
Birmingham, England, United Kingdom
Coventry, England, United Kingdom
Dudley, England, United Kingdom
## Description
Job Title: **Business Development Representative**
Location: **Field based - West Midlands**
Contract and working pattern: **Permanent,** **37.5 hours per week**
Base salary: **£26,500 - £27,800**
AG Barr is a leading UK soft drinks business, home to iconic brands like IRN-BRU, Rubicon, Boost, and FUNKIN. For over 150 years, we have been building great brands and championing a responsible business that values diversity, community, and minimising environmental impact.
We are seeking an ambitious and results-driven Business Development Representative (BDR) to become the face of our brands across a dedicated territory. This field sales role is essential for driving our growth within the crucial Symbols & Independents (S&I) retail sector. As part of a collaborative territory team, your ability to work together to achieve shared goals will be crucial to our collective success
**What we're looking for...**
As a BDR, you will be a key player in the National Field Sales Team, taking direct responsibility for supporting and growing our presence within a defined portfolio of Impulse outlets. Your work will be guided by our principles: GAIN, RETAIN, MAXIMISE.
### Sales & Growth Execution
* Proactive Distribution: Determined pursuit of distribution and availability of the AG Barr core brand range, educating retailers on our Hero, Core, and More brands to increase sales.
* Target Delivery: Consistently achieve sales KPIs, including market share growth, display placement, availability, and overall scorecard improvement, using data to track performance and demonstrate growth.
* Energy Focus: Play a vital, frontline role in delivering our ongoing Energy Portfolio distribution plan, capitalising on this high-growth sector.
### Category Expertise & Partnership
* Build Lasting Relationships: Be a personable and relatable partner, building rapport quickly to secure commitment from customers and present our brands with confidence.
* Trusted Advisor: Use your market insight to educate retailers, offering support with re-merchandising to maximise sales for both the retailer and AG Barr.
* Execution with Excellence: Sell and communicate brand plans with an exceptional eye for detail, ensuring our brands are perfectly represented at the point of purchase through impactful Point of Sale (POS) materials.
### Field Operations & Collaboration
* Flawless Organisation: Maintain excellent time management, effective route planning, and meet call targets to maximise your day and ensure you have all POS materials organised for each visit.
* Team Collaboration: Operate as a key part of a broader territory team, demonstrating a collaborative spirit to achieve shared goals and share market intelligence.
**What you'll bring...**
We know that top Business Development talent comes from every background - from hospitality and retail to sales and customer support. We are looking for the mindset and capability, not just the job title. If you have experience excelling in a customer-focused role and recognise yourself in the winning traits below, you already possess the DNA we need to succeed.
* Proactive Initiative & Self-Motivation: You are a self-starter who actively seeks out opportunities, follows up without prompting, and thrives working unsupervised to exceed targets.
* Resilience and Confidence: You bounce back quickly from rejection and communicate with conviction that comes from a genuine belief in our products and your own ability.
* Exceptional Communication & Relatability: You are clear, concise, and responsive, building rapport quickly and making every customer feel heard and understood.
* Learning Agility: You are curious, coachable, and quick to grasp new product information and market trends, allowing you to adapt your strategy based on feedback and results.
* Deep Customer Insight: You are skilled at understanding the customer base, their pain points, and the retailer landscape to tailor your approach and build powerful partnerships.
**Essential Requirements:**
* **Must hold a full, valid UK driving license.**
* Must be comfortable working directly with alcohol products, including our Funkin Cocktails line, as this is a core part of the daily duties
* Excellent written and verbal communication skills are essential for this customer-facing role
* Flexibility to attend occasional monthly team meetings, which may require overnight stays
If you thrive on independence, love being on the road, and have a passion for driving sales in the competitive world of convenience retail, apply now!
**What we offer...**
We believe in creating a diverse and inclusive culture where your voice can be heard. Our skilled, loyal and committed people are critical to the future success of AG Barr which is why we are continually investing in our employees to develop their talent.
We look after our employees by offering a competitive salary and benefits package which includes;
* Competitive Salary reviewed annually
* Quarterly bonus linked to business performance
* Company Car to fulfil the needs of the job
* Defined contribution Pension
* 34 days holiday
* Flexible holiday trading
* Flexible cash pot to spend on benefits
* Healthcare Cash Plan
* Flexible benefits e.g. discounts & cashbacks, gym memberships, technology purchases etc
* Life assurance
* Save as you earn scheme
* Staff sales discount
And much more!
To find out more about what it is like to work for AG Barr, please visit our careers platform
We are an equal opportunities employer and happy to discuss any reasonable adjustments that may be needed for successful candidates with a disability, health or mental health condition.
Speculative CVs from agencies will not be accepted.
Please note, we may close vacancies early where we receive significant numbers of applications, so apply now!
#ID1"
Active,AG Barr Plc,agbarr.co.uk,Head of Grocery Sales - MOMA,https://apply.workable.com/ag-barr/j/4F6E9B477F,"# Head of Grocery Sales - MOMA
**Hybrid**MOMAFull timeAGB1834
London, England, United Kingdom
## Description
**Job Title:** Head of Grocery/On-line (& Category lead) - MOMA
**Location:** Field-based (Minimum 1 day per week at our Farringdon, London office, with regular travel to major retail HQs) **Contract & Working Pattern:** Permanent, Full-time
At MOMA, we craft quality British oats into great-tasting oat drinks and porridges. As part of the AG Barr family, we get the best of both worlds: the entrepreneurial spirit and agility of a fast-growing plant-based brand, backed by the scale, stability, and 150-year heritage of a UK FMCG leader.
Employing around 950 people across the UK, AG Barr is home to some of the nation's favourite brands - including IRN-BRU, Rubicon, Boost, and FUNKIN. We are a responsible business that values diversity, supports our communities, and actively works to minimise our environmental impact.
There has never been a better time to join the MOMA team and lead our next chapter of growth.
### What we're looking for...
We are looking for a strategic, high-energy commercial leader to expand and accelerate our Grocery and E-Commerce channels.
As the leader of MOMA's most critical growth avenues, you will establish and execute our long-term commercial and category-led strategy. You will oversee our footprint across major physical supermarkets and key online marketplaces, managing joint business plans and cultivating senior-level retail partnerships.
As an active member of the MOMA leadership team, you will also contribute directly to the brand's overall strategic direction, business-wide operations, and collaborative culture.
### Your responsibilities will include...
* **Strategic Growth:** Formulate and execute a multi-year commercial strategy to accelerate MOMA's footprint across physical Grocery and Digital/E-Commerce channels (including Amazon, Ocado, and retailer .com platforms).
* **Joint Business Planning:** Guide your team in constructing and executing comprehensive JBPs that align retail partner needs with MOMA's business priorities.
* **P&L Ownership:** Maintain full P&L accountability across all accounts to deliver profitable, sustainable growth in line with business targets.
* **Omnichannel Marketing Strategy:** Oversee the channel's in-store and online retail marketing strategy, ensuring brilliant execution in partnership with our marketing teams.
* **Cross-Functional Leadership:** Direct cross-functional projects across Category Management, Brand Activation, Supply Chain, and Digital to deliver flawless execution.
* **Data-Led Decisions:** Supervise the internal monthly forecasting cycle, leveraging external insights (Kantar, Circana, etc.) to deliver accurate financial and volume projections.
* **Team Development:** Lead, motivate, and coach a high-performing commercial team, fostering continuous personal development.
### What you'll bring...
* **FMCG Track Record:** Extensive commercial experience within FMCG, specifically managing major UK grocery accounts (Tesco and Sainsbury's experience is highly desirable).
* **E-Commerce Literacy:** A strong understanding of online grocery dynamics, digital shelf activation, and e-commerce growth levers.
* **Strategic & Analytical Mindset:** Highly numerical with sharp commercial instincts and the ability to turn category data into actionable sales strategies.
* **Leadership & Coaching:** Proven experience leading commercial teams and developing talent.
* **Influence & Relationship Building:** The ability to navigate senior-level negotiations and influence internal and external stakeholders across all levels.
* **Systems Proficiency:** Experience using modern CRM, forecasting platforms, and Google Workspace.
* **Cultural Fit:** A highly competitive drive to succeed, matched with the AG Barr values of being **Honest, Accountable, Connected, and Brave**.
### What we offer...
We believe in creating a diverse and inclusive culture where your voice is heard. We look after our employees with a competitive salary and a comprehensive benefits package, including:
* Uncapped performance-linked bonus
* Defined contribution pension up to 14%
* 34 days holiday (with flexible holiday trading)
* Flexible cash pot to spend on benefits
* Private medical cover
* Healthcare cash plan & life assurance
* Save-As-You-Earn (SAYE) schemes
* Employee discounts and free AG Barr/MOMA products throughout your day
* Ongoing professional development programmes
To find out more about what it is like to work for AG Barr, please visit our careers platform
We are an equal opportunities employer and happy to discuss any reasonable adjustments that may be needed for successful candidates with a disability, health or mental health condition."
Active,Aggreko plc,aggreko.com,Data Engineer,https://careers.aggreko.com/uk-ie/en-gb/jobs/jr20992-data-engineer,"# Data Engineer
* Glasgow
* Full time
* JR20992
* Regular
* Support > IT
* Posted yesterday
Apply now
* Glasgow
* Full time
* Posted yesterday
* JR20992
* Regular
* Support > IT
Bring your energy to Aggreko as a **Data Engineer** based in **Glasgow**.
The role involves designing, building, and maintaining robust data ingestion pipelines to ensure seamless data flow and integration across platforms. Additionally, the role requires collaboration with data scientists, architecture and development teams to integrate, develop and deploy AI solutions into production environments, while monitoring and troubleshooting data workflows to ensure high availability and performance.
Power without pause. Heating, cooling and oil-free air without end. We keep our customers’ worlds on. From world-class events that last a few weeks to mining operations and remote communities who rely on us for decades.
**What you’ll do as a Data Engineer:**
* Design, build, and maintain robust data ingestion pipelines to ensure seamless data flow and integration across various platforms.
* Utilise an Azure modern tech stack, with a specific emphasis on Azure Databricks, for complex data transformations and analytics.
* Develop and optimise Python scripts for data processing, integration, and automation tasks.
* Implement and maintain Continuous Integration/Continuous Deployment (CI/CD) pipelines to ensure efficient and reliable deployment of data solutions.
* Collaborating with data scientists, architecture, and development teams to integrate, develop, and deploy AI solutions into production environments.
* Actively monitoring and troubleshooting data workflows to ensure high availability and optimal performance.
**You are:**
* Expertise in designing, building, and maintaining robust data ingestion pipelines.
* Proficiency with an Azure modern tech stack, particularly Azure Databricks, for complex data transformations and analytics.
* Strong development and optimisation skills in Python for data processing, integration, and automation.
* Experience in implementing and maintaining CI/CD pipelines for deploying data solutions.
* Ability to collaborate with cross-functional teams to integrate and deploy AI solutions into production environments.
**Here’s what you’ll get:**
* A competitive salary and benefits package (including but not limited to pension plan, bonus scheme, and Life Assurance)
* Hybrid working
* Generous holiday entitlement, with option to ‘buy’ or ‘sell‘
* Discounts & perks
* Access to our Employee Assistance Programme, which helps promote and support a healthy lifestyle
Our people are can-do, positive, resilient and persistent. If that feels like you, apply now and build your career with the people bringing energy to the world.
[#LI-MJ1]
**Equal employment opportunity**
We welcome people from different backgrounds and cultures, and respect people’s unique skills, attitudes and experiences. We encourage everyone to be themselves at work because we know that’s how we do our best, for each other, for our customers, for the communities where we work, and for our careers.
We are an equal opportunity employer. If you apply for a role at Aggreko, we will consider your application based on your qualifications and experience, and not on your race, colour, ethnicity, religion, sex, sexual orientation, gender identity, national origin, disability, or veteran status."
Active,AHK Group,ahkgroup.com,Senior Data Platform Engineer,https://www.ahkgroup.com/career/senior-data-platform-engineer,"# Senior Data Platform Engineer
### WHAT IS ON OFFER
Alfred H Knight has an exciting opportunity for a Senior Data Platform Engineer to join our IT team based at our UK Head Office in Prescot, Liverpool,
Created due to team expansion and recent internal promotion, this is a vital role at the heart of AHK’s global strategy. Without accessible, well-managed, robust, and performant data, we simply cannot expand into new markets or continue delivering service excellence globally.
You will join a warm, collaborative team with plenty going on—from modernising legacy systems and rebuilds to AI integration. As a Senior, you will play a hands-on role in DBA management, driving platform improvements, building capacity, and ensuring our data is live, robust, and high-performing. Crucially, following a successful pilot, you will help accelerate our group-wide rollout of Microsoft Fabric.
Beyond the tech, you will be a key mentor and coach—supporting everyone from our apprentices to our more experienced Data Engineers. If you are someone who naturally takes initiative, asks the “why,” and excels at translating complex technical ideas into clear business value for non-technical stakeholders, we’d love to hear from you.
### ### ABOUT US
Alfred H Knight is a totally independent, family owned business spanning five generations. A global network of strategically placed offices and laboratories enable global trade by providing independent inspection, analysis and consultancy services to the metals and minerals, solid fuels and agriculture industries.
We have honed and carefully crafted our reputation. Delivering knowledge and professionalism in all aspects of weighing, sampling and analysis. We thrive by continuing to re-invest in our facilities, technology and people. Click here to find out more about AHK.
### ### DO YOU HAVE WHAT IT TAKES?
To be successful at Alfred H Knight you will need to display the following:
### REQUIRED KNOWLEDGE AND WORK EXPERIENCE
Essential
* Hands-on experience with Microsoft Fabric (Lakehouse, Data Factory, Warehousing) to lead and accelerate our active rollout.
* Advanced experience in T-SQL development, query optimization, and performance tuning within Microsoft SQL Server.
* Proven track record of DBA responsibilities, maintaining database efficiency, and supporting production data environments.
* Deep understanding of designing, building, and maintaining robust data pipelines, ETL/ELT processes, and data warehousing concepts (e.g., star schemas).
* Strong knowledge of data quality principles, validation, governance, and data integrity controls.
* Excellent communication skills—able to break down complex technical topics and communicate effectively with non-technical business stakeholders.
Required Competencies
* Proactive mindset: someone who takes initiative, asks “why,” and constantly seeks to drive efficiencies and performance improvements.
* A passion for mentoring, coaching, and developing talent (from apprentices to experienced engineers).
* Strong analytical, root-cause investigation, and problem-solving skills.
Required Work Experience
* Significant experience in data engineering or data platform management, with a track record of translating business requirements into scalable data solutions.
* Experience supporting modern data platform migrations, lakehouse architectures, or system modernization projects.
* Prior experience developing semantic models and using tools like Power BI is highly desirable
Required Qualifications
* Degree in IT, Science, Maths, or equivalent industry experience.
### ### BENEFITS
We are offering an excellent opportunity with a salary and benefits package to match including pension, life assurance and an employee assistance programme.
If you are invited to interview, please let us know if there are any reasonable adjustments we can make to the recruitment process that will enable you to perform to the best of your ability.
Alfred H Knight is committed to creating a diverse & inclusive environment and hence welcomes applications from all sections of the community.
Apply Now"
Active,"Airbnb, Inc.",airbnb.com,Partnership Ops manager,https://magnit-airbnb.talentnet.community/jobs/a8ce3018-f503-41a4-ace3-291d51d4038f,"# Partnership Ops manager (contract)
London, England, United Kingdom (On-site)
contract (1 year)
Published 3 days ago
Marketing
Partner Management
AI
Canva
Organizational Skills
**Description**
**This temporary assignment** will be working at Airbnb, and may involve working at an Airbnb site, you will however be contracted through **Magnit Global**, a UK registered employment business with the company registration number 05537535.
Temporary work opportunities align well with people who are looking for career flexibility and less traditional ways of working, but at the same time are people driven to deliver amazing work in high-profile situations. Magnit Direct Sourcing is a service offered by Magnit Global that provides top talent directly to industry leading clients who have flexible temporary assignments that work on a variety of projects and unlock opportunities for exciting work.
Airbnb was born in 2007 when two Hosts welcomed three guests to their San Francisco home, and has since grown to over 4 million Hosts who have welcomed more than 1 billion guest arrivals in more than 100, 000 cities and towns located in 220+ countries and regions across the globe. Every day, Hosts offer unique stays and one-of-a-kind activities that make it possible for guests to experience the world in a more authentic, connected way.
Airbnb was born with a creative spirit, and it’s one of the most defining parts of our culture. We use our curiosity and imagination to come up with unconventional solutions. These are the ideas at the core of Airbnb:
* Our community is based on connection and belonging.
* Our creativity allows us to imagine new possibilities for people.
* Our responsibility is to all of our stakeholders.
* It takes a unified team committed to our core values to embody these ideas, and our fast-moving team is committed to leading as a 21st century company.
The Partnerships team is driving the growth of strategic partnerships globally across brand and performance functions with a focus on elevating community through meaningful, culturally relevant and high-impact programs.
**Role overview**
The Partnerships Ops supports the development and execution of Airbnb’s partnership programme across the NEMEA region. This role is focused on the day-to-day running of key partnerships across UK, Northern Europe and the Middle East.
Based out of the UK, you will work in the NEMEA Partnerships team and collaboratively with Business, Marketing, Comms, PR, Community, and Data teams to help optimise partnership outputs for our Airbnb’s partners, the Airbnb organisation and ultimately current and prospective Airbnb consumers. The role blends execution, coordination, and insight development, and is ideal for someone who is organised, works collaboratively and is passionate about community-led growth.
**Responsibility**
Key Partnerships Execution:
* Support Airbnb partnerships across NEMEA executing key partnership deliverables and maintaining day-to-day relationships with partners.
* Operationalize the process of fund allocation to eligible athletes, problem solving during early stages of the fund release in collaboration with engineering and project management teams
* Provide routine reporting on partnership(s) progress across a range of performance indicators
* Help coordinate the planning of prospective partnership engagements - coordinating meetings and general logistics
Cross-Functional Integration:
* Work with Marketing teams to provide partners with brand, web and general collateral
* Partner with the Supply and Engineering teams to integrate Airbnb accommodation carousels and similar functionality into partners’ web/mobile domains.
* Enlist support from finance team to carry out assessments of prospective partners and deliver outcomes to NEMEA partnerships team.
Insights & Reporting
* Track and report on partnership performance KPIs.
* Update global partnerships trackers sharing key developments, learnings and milestones to wider global partnerships function
* Support campaign reporting, post-campaign reviews and documentation of best practices.
Qualifications
* 1-5 years experience in business growth, marketing, partnerships, community or program management.
* Passion for Airbnb, travel and youth or student audiences.
* Hands-on and get things done approach
* Strong organisational skills and ability to manage multiple initiatives simultaneously.
* Data-minded with an interest in performance, insights and optimisation.
* Clear communicator with strong collaboration skills
* Comfortable working cross-functionally in a fast-paced environment.
* Ability to create things from scratch, be scrappy and able to come up with new initiatives
**Key Characteristics**
* Curious and proactive
* Detail oriented and structured
* Community and audience obsessed
* Collaborative and low ego
* Comfortable balancing execution and learning
* Passionate about building new programs
**Our commitment to inclusion & belonging:**
Airbnb is committed to working with the broadest talent pool possible. We believe diverse ideas foster innovation and engagement, and allow us to attract creatively-led people, and to develop the best products, services and solutions. All qualified individuals are encouraged to apply."
Active,"Airbnb, Inc.",airbnb.com,"EMEA Experiences Business Operations Manager (Remote, UK - Based)",https://magnit-airbnb.talentnet.community/jobs/f3112cec-fea6-4401-b6b1-6aa21782e1c0,"# EMEA Experiences Business Operations Manager (Remote, UK - Based) (contract)
Remote
contract (4 months 28 days)
Published 6 days ago
Partner Management
Operations Management
Communication
Google Sheets
**This temporary assignment** will be working at Airbnb, and may involve working at an Airbnb site, you will however be contracted through **Magnit Global**, a UK registered employment business with the company registration number 05537535.
Temporary work opportunities align well with people who are looking for career flexibility and less traditional ways of working, but at the same time are people driven to deliver amazing work in high-profile situations. Magnit Direct Sourcing is a service offered by Magnit Global that provides top talent directly to industry leading clients who have flexible temporary assignments that work on a variety of projects and unlock opportunities for exciting work.
Airbnb was born in 2007 when two Hosts welcomed three guests to their San Francisco home, and has since grown to over 4 million Hosts who have welcomed more than 1 billion guest arrivals in more than 100, 000 cities and towns located in 220+ countries and regions across the globe. Every day, Hosts offer unique stays and one-of-a-kind activities that make it possible for guests to experience the world in a more authentic, connected way.
Airbnb was born with a creative spirit, and it’s one of the most defining parts of our culture. We use our curiosity and imagination to come up with unconventional solutions. These are the ideas at the core of Airbnb:
* Our community is based on connection and belonging.
* Our creativity allows us to imagine new possibilities for people.
* Our responsibility is to all of our stakeholders.
* It takes a unified team committed to our core values to embody these ideas, and our fast-moving team is committed to leading as a 21st century company.
**The Difference You Will Make:**
As the Experiences Business Operations Manager you will support the on-boarding and execution of some of our highest profile, globally recognized Experiences and Experience hosts. Past hosts have included: Sabrina Carpenter, Cynthia Erivo from Wicked, the Kpop band CORTIS, and several Olympic and Tour de France athletes.
This is a high-visibility, high-stakes role where the quality bar is exceptionally high: listing pages, guest communications, and logistics for talent of this caliber leave no room for error. You’ll be the operational backbone that makes these moments flawless, owning the details so that hosts, guests, and partners experience a seamless Experience.
**This is a fully remote position based in the UK.**
**Your work will include:**
* Building and ensuring accuracy and quality of listing pages
* Supporting guest selection, vetting, communication & logistics with care and discretion, handling sensitive information appropriately
* Coordinating with internal and external partners and vendors, keeping all stakeholders aligned and on schedule
* Working with engineering to ensure adequate tooling support, surfacing gaps and advocating for the right fixes as well as supporting with testing
* Analyzing the results and impact of these Experiences
* Addressing and resolving issues that arise during standard and on-call hours with strong judgment and a sense of urgency
* Maintaining clear documentation of workflows and processes
**Key skills include:**
* BA/BS degree
* Experience working in tech and hospitality preferred
* 5+ years of operations management
* Meticulous attention to detail and a consistently high bar for quality - you catch what others miss and refuse to ship anything that does not meet these standards
* Strong organizational skills and the ability to juggle multiple workstreams and competing deadlines
* Natural curiosity to learn about new tools and detailed processes
* Proven ability to troubleshoot and demonstrate proper judgment with a sense of urgency
* Excellent communication (written & verbal) in English
* Strong skills in Google Sheets and comfort with data analysis and reporting tools (e.g., SQL, Tableau, Jira)
* Interpersonal skills balancing internal and external partners
**Our commitment to inclusion & belonging:**
Airbnb is committed to working with the broadest talent pool possible. We believe diverse ideas foster innovation and engagement, and allow us to attract creatively-led people, and to develop the best products, services and solutions. All qualified individuals are encouraged to apply.
Magnit Global is a leading, global professional services and technology company. We have been a leader in contingent workforce management since 1991 and work with leading Fortune 500 companies and other large organizations across numerous verticals including consumer electronics, research and development, pharmaceuticals, health services, and many more. *To do our best work we need different viewpoints. Therefore, we celebrate diversity and embrace inclusion. As an equal opportunity employer, we are dedicated to building a team that represents a variety of backgrounds, perspectives, and skills. We strive to ensure that we maintain a positive and enriching work environment for all.*"
Active,AJ Bell,ajbell.co.uk,Cash Operations Administrator,https://www.ajbell.co.uk/group/careers/vacancies/744000139974119,"# Cash Operations Administrator
We are now looking to recruit a hardworking, articulate individual to join our Cash Operations team.
The Cash Operations provide effective cash management and accurate record keeping for funds moving into and out of the Platform for our clients.
This role is key to ensuring customers are serviced efficiently and that AJ Bells records are accurate at all times to ensure all client money is protected according to FCA regulations. The Administrator will work closely with other team members to support team performance in achievement of all SLAs and KPIs through effective delivery of the workflows in line with procedures and controls.
This role also supports other teams across AJ Bell by providing service and answering queries.
**What does the job involve?**
* Facilitating, instructing and processing the movement of funds between customers own accounts, internal company bank accounts and external Investment Partners and Banks
* Instructing cash movements on the online banking systems & identifying/applying incoming payments
* Ensure all funds relating to Client Money are processed and adequately protected
**What you'll have:**
* You will have a minimum of 5 GCSE's grades 9-4 (A\*-C) or equivalent including Maths and English.
* Excellent numerical ability
* Strong communication skills, both written and verbal.
* Competent IT skills including experience working with Excel
* Ability to work to deadlines and under pressure, at times unsupervised
* Experience of financial services, or a keen interest in it, is desirable
**About AJ Bell**
At AJ Bell, we believe investing should feel good. Whether you're looking for an ISA, pension or dealing account, whether you want to invest with the help of a financial adviser or do it yourself, we have easy-to-use solutions to suit people from all walks of life.
We're one of the UK's fastest-growing investment platform businesses, trusted by everyone from professional financial advisers to first-time investors.
Today, over 762,000 customers trust us to manage more than £121.5 billion of assets. By continually striving to make investing simpler and more accessible, we're helping more people take control of their financial futures.
We're proud to be recognised as one of the UK's Best 100 Companies to Work For for six consecutive years, and a Great Place to Work® in 2025 and 2026, a reflection of our supportive and collaborative culture.
**What we offer**
* Starting salary of £25,400 (can be higher dependent on financial services experience)
* 25 days holiday, increasing with service + buy/sell scheme + bank holidays
* 6% Pension with matched contributions
* Discretionary bonus scheme
* Share schemes (including free shares and BAYE)
* Health Cash Plan and discounted private healthcare
* Free onsite gym
* Enhanced family leave (subject to qualifying criteria)
* Travel and bike loan schemes
* Employee Assistance Programme
**Life at AJ Bell**
* Regular social events including summer and Christmas parties
* Learning and development opportunities tailored to you
* Casual dress code
* Friendly, supportive team environment
**Our ways of working**
At AJ Bell, our people are the heart of our culture. We believe in building strong connections by working together. That's why we offer a hybrid working model, where you'll spend 3-4 days per week in the office. For new team members, the first 3 months will be spent full-time in the office to help you immerse yourself in our business and build valuable relationships with your colleagues.
**Inclusion & diversity**
We’re committed to creating an inclusive environment where everyone feels respected, supported and able to be themselves at work.
We welcome applications from all backgrounds and make hiring decisions based on skills, experience and potential.
**Agency information**
This vacancy is being managed exclusively by our in-house Recruitment team. We are not partnering with recruitment agencies on this opportunity and will only accept applications submitted directly by candidates."
Active,AJ Bell,ajbell.co.uk,Customer Marketing Manager,https://www.ajbell.co.uk/group/careers/vacancies/744000140034899,"# Customer Marketing Manager
We're looking for an experienced **Customer Marketing Manager** to lead one of our biggest long-term growth opportunities: building stronger customer advocacy and loyalty. It's an exciting opportunity to join AJ Bell as we continue to invest in creating exceptional customer experiences and driving long-term growth.
You'll own and evolve our established referral programme while shaping our future approach to customer loyalty and customer value. Understanding what motivates customers, identifying commercial opportunities and developing an approach that helps us build stronger, longer-lasting customer relationships.
You'll work across strategy and delivery – developing business cases, influencing senior stakeholders, managing agency partners and leading campaigns from concept through to execution.
**What you'll be doing**
Own and grow our referral programme
* Lead the ongoing optimisation of our existing referral programme, identifying opportunities to improve customer engagement and commercial performance.
* Challenge existing approaches using customer insight, data and commercial analysis.
* Manage relationships with our referral agency to continuously improve programme performance.
* Lead cross-functional projects with technical teams, identifying operational improvements to the customer journey and driving them through to delivery.
Shape our future customer loyalty strategy
* Explore new ways to reward, recognise and retain customers, building recommendations supported by customer insight, commercial analysis and testing.
* Build compelling business cases that demonstrate the value of customer loyalty initiatives and influence senior stakeholders.
* Take ownership of identifying opportunities and progressing them from concept through to delivery.
Deliver high-quality campaigns
* Lead end-to-end campaign delivery, working closely with CRM Operations and Copywriting to execute customer communications.
* Identify opportunities to embed referral and loyalty messaging across wider marketing activity.
* Balance strategic thinking with hands-on campaign delivery, taking ownership of outcomes and delivering high-quality execution.
* Ensure all activity meets regulatory, legal and governance requirements, working closely with Compliance, Legal and Data Protection.
Develop people
* Line manage and coach a Marketing Executive, helping them build confidence, develop key marketing skills and take on increasing responsibility through effective delegation.
Lead through collaboration
* Build strong relationships that enable progress while constructively challenging thinking where appropriate.
* Influence senior stakeholders through well-reasoned recommendations and champion the value and success of the referral and loyalty programmes across the business.
* Work collaboratively with colleagues across the business to identify opportunities and deliver shared objectives.
Manage budgets
* Manage programme budgets, forecasts and spend, ensuring clear visibility of performance, risks and opportunities.
**Experience we're looking for**
* Strong end-to-end campaign management experience.
* Strong commercial mindset, with the ability to evaluate opportunities, build business cases and balance customer needs with business objectives.
* Comfortable working in ambiguity, identifying opportunities and developing recommendations.
* Strong analytical skills, using data, testing and customer insight to make decisions and continuously optimise performance.
* Proven ability to influence and challenge stakeholders constructively, building credibility across a range of business functions and seniority levels.
* Experience coaching, developing or line managing junior colleagues, with a genuine interest in helping others grow.
* Experience managing budgets, forecasts and commercial performance, with strong financial discipline.
* Experience measuring and reporting on campaign performance.
* Experience working within regulated environments, with an understanding of governance, data privacy and the importance of compliance in customer communications.
**About AJ Bell**
At AJ Bell, we believe investing should feel good. Whether you're looking for an ISA, pension, or dealing account, whether you want to invest with the help of a financial adviser or do it yourself, we have easy-to-use solutions to suit people from all walks of life.
We're one of the UK's fastest-growing investment platform businesses, trusted by everyone from professional financial advisers to first-time investors.
Today, over 762,000 customers trust us to manage more than £121.5 billion of assets. By continually striving to make investing simpler and more accessible, we're helping more people take control of their financial futures.
We're proud to be recognised as one of the UK's Best 100 Companies to Work For for six consecutive years, and a Great Place to Work® in 2025 and 2026, a reflection of our supportive and collaborative culture.
**What we offer**
* Starting salary between £55,000 - £65,000 per annum (dependent on experience)
* 27 days holiday, increasing with service + buy/sell scheme + bank holidays
* 8% Pension with matched contributions
* Discretionary bonus scheme
* Share schemes (including free shares and BAYE)
* Health Cash Plan and discounted private healthcare
* Enhanced family leave (subject to qualifying criteria)
* Travel and bike loan schemes
* Employee Assistance Programme
**Life at AJ Bell**
* Regular social events including summer and Christmas parties
* Learning and development opportunities tailored to you
* Casual dress code
* Friendly, supportive team environment
**Our ways of working**
At AJ Bell, our people are the heart of our culture. We believe in building strong connections by working together. That's why we offer a hybrid working model, where you'll spend 50% of your working time in the office.
**Inclusion & diversity**
We’re committed to creating an inclusive environment where everyone feels respected, supported and able to be themselves at work.
We welcome applications from all backgrounds and make hiring decisions based on skills, experience and potential.
**Agency information**
This vacancy is being managed exclusively by our in-house Recruitment team. We are not partnering with recruitment agencies on this opportunity and will only accept applications submitted directly by candidates.
Apply Now"
Active,Akeneo SAS,akeneo.com,"Team Lead, Talent Acquisition",https://careers.akeneo.com/jobs/8123781-team-lead-talent-acquisition,"# Team Lead, Talent Acquisition
Akeneo is the leading AI-powered Product Data Platform that helps brands, manufacturers, distributors, and retailers unify product data and pricing to power better product experiences, smarter decisions, and business growth in an AI-driven commerce world.
We're all about experience - from the best-in-class product we build to the inspiring environment we create for our employees. You'll grow in a dynamic environment where your ideas and expertise will make an impact from day one. Our flexible work model empowers you to thrive, balancing professional success with personal fulfilment. At Akeneo, you’ll be part of a supportive and collaborative team that values open communication, shared successes, and meaningful relationships.
Learn more about our culture and values via our Career page.
### **Job description**
We’re hiring our next Team Lead, Talent Acquisition to drive hiring efforts during an exciting phase of growth. Operating as a true ""player-coach,"" you will drive the end-to-end recruitment for critical and senior roles while simultaneously managing, mentoring, and developing a small team of 1-2 talent professionals. As Akeneo continues to scale globally, this role offers a clear path to transition into a full Talent Acquisition Manager role based on business growth and team expansion.
* **Hands-on Full-Cycle Recruiting:** Own and execute the end-to-end recruitment process across regions for senior, niche, and business-critical roles ensuring a world-class candidate experience.
* **Team Coaching:** Mentor, and support 1–2 talent partners/contractors; set clear performance targets, conduct regular 1:1s, and foster their professional development.
* **Strategic Hiring Partnership:** Partner closely with leadership and department heads to forecast headcount needs, build talent pipelines, and align hiring strategies with business goals.
* **Data-Driven Insights:** Track, analyze, and report on key TA metrics (time-to-hire, quality-of-hire, pipeline diversity) to optimize the regional recruitment funnel and present insights to leadership.
* **Employer Branding:** Collaborate with marketing and global people teams to champion Akeneo’s employer brand and culture within the global tech and commercial ecosystems.
* **TA Operations:** Own and optimize the recruitment tech stack (LinkedIn, Teamtailor, employer branding platforms, and AI tools); manage vendor relationships, lead team/company enablement on new features, and conduct regular market analysis on new innovations.
* **Collaboration with People Experience:** Work hand-in-hand with People Partners, People Ops and Total Rewards to ensure alignment on role levelling, offers and a smooth and efficient onboarding as well as wider People Experience projects.
### **What we look for**
* You have a solid background in full-cycle recruitment within the software industry, gained through in-house experience in fast-paced environments.
* You have a player-coach mentality with demonstrated experience or strong readiness to manage a small team while maintaining a high individual output on senior requisitions.
* You have proven experience hiring in different countries in Europe and the US.
* You have excellent communication, interpersonal, and presentation skills and can build strong relationships with candidates, hiring managers and senior stakeholders.
* You’re comfortable navigating ambiguity and excited by the prospect of scaling a role from a hands-on lead into a broader management position.
> You don't need to tick every box. We strongly encourage candidates from all backgrounds to apply. If you are excited about this opportunity but your experience is slightly different, we still want to hear from you!
### **Interview process**
1. 45-minute interview our Chief People Experience Officer
2. 45-minute interview with a People Partner
3. 45-minute interview with a hiring manager from the Product department
### **Life at Akeneo**
##### **Work Environment**
**- Work-Life Balance:** Flexible working hours, and a hybrid setup allowing 3-4 days working from home and enjoy 25 days of annual leave. Option to Work from Anywhere for up to 30 days per year. **- Home Office & Commuting Allowance:** Enjoy a £450 budget to enhance your home office and an £80 monthly sustainable transportation allowance for eco-friendly commuting.
##### **Inclusivity**
**- Generous Parental Leave:** Benefit from 26 weeks of paid maternity leave, 4 weeks of paid leave for the second parent, and up to 20 weeks of fully paid shared parental leave. A gradual return to work program is also available. **- Community & Support:** Engage in 2 paid volunteering days annually and join Employee Resource Groups dedicated to promoting diversity and inclusion within the company.
##### **Growth & Development**
**- Professional Development:** Access a £1,000 annual budget for personal professional development and take advantage of career paths, internal mobility opportunities, and a ""Women in Leadership Programme."" **-** **Comprehensive Onboarding:** Start on the right foot with a structured company onboarding program.
##### **Wellbeing**
**- Health & Insurance:** Receive company-paid private medical insurance (Vitality Health) for you and eligible dependents. **-** **Financial Security:** Benefit from a pension plan and protect your loved ones with group income protection and a group life cover. **- Mental Health Support:** Access individual and confidential sessions with a mental health practitioner or coach of your choice.
For more information about benefits, don’t hesitate to contact our Talent Acquisition team.
Department
: People Experience
Role
: Talent Acquisition
Locations
: London
Employment type
: Full-time
Working policy
: Hybrid"
Active,Aker Systems Limited,akersystems.com,"Lead Service Architect New Hybrid, UK",https://job-boards.eu.greenhouse.io/akersystems/jobs/4935570101,"# Lead Service Architect
Hybrid, UK
Aker Systems was founded in 2017 by a team of experienced technology professionals who recognised an opportunity to provide highly secure enterprise data platforms to large organisations. We build and operate ground-breaking, ultra-secure, high performance, cloud-based data infrastructure for the enterprise. Our proprietary technology solutions drive performance and reduce costs while helping our clients to improve the management and sharing of data across their organisations.
In 2024, Aker Systems won the Breakthrough Culture Awards highlighting growth companies putting culture first. In 2020 Aker Systems was recognised as a ‘One to Watch’ on the Sunday Times Tech Track. The Company was also recognised at the Thames Valley Tech Awards 2020; winning the Thames Valley Tech Company of the year, the Emerging Tech Company and High Growth Tech Business categories. We encourage people of all different backgrounds and identities to apply. We are committed to maintaining an inclusive, and supportive place for you to do your very best work.
#### Duties & Responsibilities
A UK Government Security Check (SC) clearance is required for this role. If you don’t hold SC clearance, we will support you to apply assuming you have lived and worked in the UK for a minimum of 5 years.
As a Service Architect, you will be coming in to a growing delivery team. You will be working closely with the wider delivery team (Service Managers & Operation Leads) alongside the respective Bid teams and will report in to the Delivery Director.
You will identify obstacles and help the team to overcome them and ensure that the focus of the team is driving quality for delivery of the products and services. You will liaise between product owners, project managers, solutions design teams, operations teams, service delivery managers and partners/suppliers communicating between all key stakeholders to ensure the smooth and successful implementation of new and modified products/services.
* You will be working on Projects and Bids from time to time. Your remit will be to ensure that delivery architecture and processes are incorporated within the bid. You will use your experience and knowledge to ensure the architecture is fit for purpose.
* Do a deep dive in to the current ITIL functions to understand strengths and weaknesses, before taking ownership of driving the respective improvements.
* You will have detailed understanding of tooling across the service spectrum (Jira, SNOW etc)
* Ensure all support functions are aware, prepared and capable of supporting any new and changed services, via workshops, briefings and documentation as appropriate
* An understanding of cloud native applications and twelve factor application design
* Where applicable, work with the wider delivery and operations teams to Identify, respond to and work to resolve emerging Service problems
* Develop effective tooling to identify and address reliability risks
* Participate with other engineering teams to triage production outages and carry forward action items to improve ongoing reliability
* Work closely with the Change and Release functions to ensure they are aware of the delivery approach and avoid any Change Freezes or other Conflicts
* You will be able to demonstrate proactive interaction with sales teams
* Analyse complex customer requirements and propose technical and competence developments solutions in new areas and domains, within the framework of the core team activities, required to enhance customer's competitive position
* Recognized as a leader in knowledge sharing communities
#### Core Competencies
* Bachelor’s degree in Computer Science or other IT-related field or 5 years’ relevant industry experience
* ITIL v3 Foundation
* 7 Years’ experience in an Architecture role
* Preferable experience of Cloud knowledge including SaaS, IaaS and PaaS
* Experienced in the design of technical solutions and integration
* Experienced in project management with skills in agile and/or Waterfall
* Must have strong team management ability, influencing and organizational awareness.
* Vendor or offshore management experience will be advantageous
* Advanced stakeholder management, negotiation, and conflict resolution skills including being comfortable in dealing with challenging and pressurised situations
* Ability to understand complex organisational structures and multi-supplier landscapes
Aker Systems Attributes
At Aker we work as a team; we are collaborative, hardworking, open, and delivery obsessed. There is no blame culture here: try things, and take responsibility for the outcomes. You are always part of the wider Aker. We help our colleagues and take pride in successfully achieving difficult tasks. We run towards problems and help to solve them. Communicate always, do so accurately and in a timely fashion.
In return, we offer a competitive salary, 25 days holiday plus bank holidays, company paid medical insurance and life assurance, pension scheme, annual training allowance, wellbeing allowance, virtual GP, Employee Assistance plan and more."
Active,Albert Browne Ltd. (UK),marksandspencer.com,Staff Software Engineer,https://fa-eqid-saasfaprod1.fa.ocs.oraclecloud.com/hcmUI/CandidateExperience/en/sites/CX_1/job/123499,"We're changing the way we do things, and putting industry leading innovation at
the heart of how we operate; we need a stellar engineering team to make it
happen. You'll be joining one of the most iconic brands in the UK on its most
exciting cycle yet. We're more integrated and product led in our tech teams than
ever before: learning, changing, and adapting constantly, with millions of
people benefiting from your work every single day.
 
You’ll be joining the M&S Platform team as a Staff Software Engineer within our
Customer Data Platform team . Our mission is to streamline development at M&S
for 1000+ engineers and 30+ applications - covering both our customer-facing and
colleague-facing applications.
 
What you’ll do 
 
Your key accountabilities will include: 
 
* Build and maintain high-quality, reliable software in the cloud, embracing a
'you build it, you run it' mindset. 
* Lead delivery of complex features and backlog items within your team, from
design to production, ensuring smooth rollout and minimal operational
disruption. 
* Own technical delivery within your team, helping break down ambiguous
problems into clear, executable plans. 
* Design and implement solutions that align with existing architecture and
contribute meaningfully to team-level technical direction. 
* Write, review, and release well-tested, maintainable code that ensures
confidence in shipping high-quality software. 
* Improve code quality and consistency by setting standards through PR reviews
and best practices. 
* Partner closely with Product and Design, collaborating to deliver meaningful
customer outcomes. 
* Work with adjacent teams when needed to align on shared components and
dependencies. 
* Actively participate in on-call support, contributing to operational
stability, observability, and performance. 
* Coach and support other engineers through pairing, reviews, and mentoring,
helping raise the team’s overall capability. 
* Contribute to team OKRs and actively support planning, refinement, and
roadmap discussions. 
* Champion secure coding, reliability, and sustainable engineering practices
within your team. 
 
Who you are 
* You own delivery of complex features end-to-end, ensuring quality,
performance, and reliability — not just completion. 
* You can take ambiguous problems and turn them into clear technical plans for
the team to execute. 
* You design solutions that balance speed, maintainability, and long-term
scalability. 
* You actively identify technical debt, risks, or inefficiencies and take
action to address them. 
* You use observability and metrics to validate behavior, debug issues, and
improve system health. 
* You regularly support and unblock teammates, helping them deliver more
effectively. 
* You contribute to design discussions, clearly communicating trade-offs, and
influencing decisions within your team. 
* You help the team operate effectively in production,
supporting incidents, and driving improvements after failures. 
* You can debug complex issues across multiple components, not just your own
code. 
* You proactively improve testing strategies and code quality, ensuring
long-term confidence in releases. 
* You introduce improvements to tooling, CI/CD, or workflows that increase team
productivity. 
 
Tech Stack 
M&S utilizes a variety of technologies within the Customer Data Platform
including: 
* Front-end: React, Next.js, TypeScript 
* Back-end: Java, Node.js, GraphQL, REST APIs 
* Cloud & Infrastructure: Azure Kubernetes Service (AKS), mParticle, Salesforce
Marketing Cloud, Salesforce Data360 
* Observability & Monitoring: Dynatrace, PagerDuty 
* Quality & Testing: JUnit, Jest, Playwright 
* Security & Scanning: Snyk, Semgrep, SonarCloud 
* Experimentation & Analytics: Optimizely, Adobe, Tealium 
 
What’s In It For You
Working at M&S means being part of something bigger - helping to deliver
quality, value and service to millions of customers every day. We’re inclusive,
fast-moving and always evolving, with a strong sense of purpose and a focus on
doing the right thing.
 
Here are just a few of the benefits that make working here even more rewarding:
* 20% colleague discount on all M&S products and many third-party brands for
you and someone in your household, available once you’ve completed your
probation
* Competitive holiday allowance with the option to buy more
* Discretionary bonus schemes linked to your performance and ours
* Strong pension and life assurance to help plan for the future
* Tailored induction and training to support your development from day one
* Exclusive perks and savings through our M&S Choices portal
* Market-leading family policies, including parental, adoption and neonatal
leave
* 24/7 wellbeing support, including virtual GP access and mental health
services
* One paid volunteer day a year to support a cause that matters to you
 
Everyone’s Welcome
 
We are ambitious about the future of retail. We’re disrupting, innovating and
leading the industry into a more conscientious, inspiring digital era. We’re
transforming how we work together and offering our most exciting opportunities
yet. Marks & Spencer strives to be an inclusive organisation, trusted and
admired by our colleagues, customers and suppliers. Join us and make change
happen.
We are committed to building diverse and representative teams, where everyone
can bring their whole selves to work and be at their best. We support each other
and work together to win together.
If you feel you'd benefit from any support or reasonable adjustments during any
stage of the recruitment process, please don’t hesitate to let us know when
completing your application. This information will be picked up by our team, so
we can try and put steps in place to help you be at your best through this
process.
 
#LI-Hybrid #LI-PJ1
 "
Active,Allica Bank Limited,allica.bank,Customer Success Executive,https://jobs.ashbyhq.com/allica-bank/1af00e92-9890-4e82-b3e1-47a79ca0f818,"# Customer Success Executive
## Location
Milton Keynes Office
## Employment Type
Full time
## Location Type
Hybrid
## Department
DistributionCentral Relationship ManagementCustomer Success
OverviewApplication
**About Allica Bank**
Allica is the UK’s fastest growing company - and the fastest-growing financial technology (Fintech) firm ever. Our purpose is to help established SMEs, one of the last major underserved opportunities in Fintech.
Established SMEs are the backbone of local communities - representing over a third of our economy - yet have been largely neglected both by traditional high street banks and modern fintech providers.
**Role Description**
This role is responsible for getting these exciting products to market, and ensuring as many established businesses as possible can benefit from them. Working with the growth and product teams, the Cash Management Executive will identify opportunities, and make contact via telephone and email to convert customers to our business current account and savings offerings. Your key goal will be winning active new accounts, and as such you will be responsible for the full end to end onboarding journey, from identifying potential customers to delivering live, actively used accounts. The focus will be on new to Allica customers that are in our established SME target segment (minimum 12 months trading), with have cash balances (£50k+) that can benefit from our savings rates.
Our Cash Management Executive will work with the whole of Allica – including relationship management teams, product, marketing, and operations to ensure that prospective customers receive exemplary customer service and a great first impression of Allica Bank.
It is vital that our Cash Management Executive is very confident and capable of remote sales to SMEs by telephone. They should also be strong stakeholder managers with a focus on customer outcomes and delivering value for both Allica Bank & their customers.
**Principal Accountabilities**
* Able to clearly communicate Allica’s value proposition to decision makers (eg Owner, Director, FD) in our target customer market.
* Working with lists of prospects of variable intent to generate high quality business current account and savings opportunities.
* Understanding our onboarding process and requirements. Supporting customers and prospects through this process to quickly and smoothly open and actively use their current and savings accounts, delivering a great customer experience that will drive a deeper relationship with our customers.
* Typically being the first Allica Bank representative that SMEs speak to, so always being professional, courteous and friendly.
* Proactively learning our products and criteria over time, so that you can identify opportunities, becoming ever more efficient and effective at engaging and qualifying prospects and converting them to active customers.
* Gaining feedback from customers and prospects on potential future features they need and want from their bank and bank account, following through and feeding these into the Product teams.
* Working with our Marketing and Data teams to feedback your learnings from customer interactions, helping us to drive ever better customer outcomes, targeting, segmentation and messaging.
* Delivering the business plan for your role, and actively managing your objectives and personal development plan.
* Making your colleagues proud that you represent Allica, by ensuring excellent service for our SME customers, prospects and advisors.
* Working closely and collaboratively with all areas of Allica to ensure a seamless and professional service is always provided.
* Complying with all mandatory policies, and adherence to operational procedures to maintain internal controls.
**Personal Attributes & Experience**
* You will have a proven track record in telephone-based lead generation with established SMEs (typically 5-250 employee firms), using established business development skills to build relationships with prospects and convert to Allica Bank customers.
* You will have excellent interpersonal and communication skills, together with evidence of outperformance in similar roles through earning customer and colleague trust.
* You will evidence a track record of working in fast paced environments, dealing with change well and showing an adaptable approach to deliver on the organisation’s goals.
* You will demonstrate the ability to work collaboratively with specialist colleagues such as Relationship Managers, Operations, KYC/B and underwriters, to deliver a positive outcome for our customers.
* You’ll have a proven track record of exceeding targets, providing excellent customer service generating new income opportunities and always considering risk and reputation when making decisions or finding solutions.
* A good understanding of SME financial products (eg payments, lending, accounting, CRM), and ideally specific expertise in business current accounts.
**Working at Allica Bank**
At Allica Bank we want to ensure our employees have the right tools and environment in which to succeed in their role and in support of our customers.
Our employees are at the heart of everything we do, so our benefits are designed with you in mind:
* Full onboarding support and continued development opportunities
* Options for flexible working
* Regular social activities
* Pension contributions
* Discretionary bonus scheme
* Private health cover
* Life assurance
* Family friendly policies including enhanced Maternity & Paternity leave
**Don’t tick every box?**
Don’t worry if you don’t have all the skills or requirements listed on the job description. If you think you’ll be a good fit, we’d still love to hear from you!
**Flexible working**
We know the ‘9-to-5’ isn’t right for everyone. That’s why Allica Bank is fully committed to flexible and hybrid working. Please let us know what is best for you and, if we can, we will do our best to accommodate."
Active,Alloyed Ltd,alloyed.com,IT Fulfillment Coordinator (Temporary),https://careers.alloyed.com/jobs/8089074-it-fulfillment-coordinator-temporary,"# IT Fulfillment Coordinator (Temporary)
**Company Overview**
Alloyed is a young venture-funded company built with world-class metallurgists, mechanical engineers, technicians, and software developers. Operating from our HQ in the UK but also globally, we are building the future of advanced metal components. Our innovative approach integrates proprietary software that combines advanced machine learning and physical modelling with extensive experimental facilities, enabling us to 3D print metal components more efficiently and effectively than anyone else.
Our facilities in Yarnton and Abingdon, near Oxford, are dedicated to establishing the world’s fastest, smartest, and best-equipped environment for the rapid development of additively manufactured parts and the creation of novel metal alloys for enhanced performance.
We serve a variety of sectors including electronics, aerospace, and industrial by leveraging our cutting-edge technology to build businesses across diverse markets, each with unique requirements, timelines, customers, and cultures.
**Contract: Temporary Start Date: ASAP**
---
**Role Overview**
Alloyed is seeking an enthusiastic, organised and customer-oriented individual to join its growing team as an IT Fulfilment Coordinator.
Reporting to the IT Manager, you will work alongside the existing Managed Service Provider, ensuring all staff have access to appropriate and well-maintained IT equipment.
You will develop an understanding of the different functions and divisions within the company ensuring IT needs are met efficiently and effectively.
You will liaise with the IT Manager and the MSP to support cyber security standards, flagging risks and closing gaps
Your duties will require you to regularly work in sites located in both Yarnton and Abingdon so being a car owner/driver is essential.
Training will be provided as required, however a general understanding of IT infrastructure approaches and cyber security is welcome but not essential.
---
**Responsibilities**
* Ensure all employees have access to well maintained, secure and cost appropriate IT equipment – including laptops, desktops, virtual machines and mobile devices as required. This involves maintaining appropriate records of all IT asset allocations and locations, managing collection and return of serviced or damaged IT equipment, ensuring warranties are monitored
* Support the new starter process, working with the Knowledge and People Team and relevant line managers to ensure new arrivals IT equipment is ready with the suitable software so they can ‘hit the ground running’
* Liaise with our MSP onsite support to ensure all hot desk, meeting room and pod IT infrastructure is well maintained and of a suitable consistent standard
* Ensure any IT needs relevant to international travel are respected and supported including delivering equipment for trips to China and other identified ‘cyber-risk’ environments
* Liaise with the Business Support and the Security Team to ensure all employees have a personal fob with the appropriate door access in place
* Raise all appropriate Purchase orders, approved as appropriate, for all relevant & necessary IT acquisitions
* Liaise with the service delivery team at Blue Planet helping them fine tune and optimise the delivery of support services to all Alloyed employees
---
**Essential skills**
* Strong customer service orientation
* Good planning and organisation skills
* Attention to detail
* Collaborative, can-do approach
* Excellent communication skills
* Awareness of IT equipment configuration
* UK driving licence
**Desired**
* Experience of new laptop configuration
* Evidence of effective collaboration with/experience of IT Managed Service Provider(s)
* Familiarity with Cyber security requirements and certifications
---
Strictly no recruitment agencies / apply now for immediate consideration"
Active,Alloyed Ltd,alloyed.com,Graduate Controls Engineer,https://careers.alloyed.com/jobs/8064527-graduate-controls-engineer,"# Graduate Controls Engineer
## Launch your engineering career, designing, testing, and optimising microturbine control systems while working hands-on with cutting-edge hardware, firmware, and manufacturing teams.
**Company Overview**
Alloyed is a young venture-funded company built with world-class metallurgists, mechanical engineers, technicians, and software developers. Operating from our HQ in the UK but also globally, we are building the future of advanced metal components. Our innovative approach integrates proprietary software that combines advanced machine learning and physical modelling with extensive experimental facilities, enabling us to 3D print metal components more efficiently and effectively than anyone else.
Our facilities in Yarnton and Abingdon, near Oxford, are dedicated to establishing the world’s fastest, smartest, and best-equipped environment for the rapid development of additively manufactured parts and the creation of novel metal alloys for enhanced performance.
We serve a variety of sectors including electronics, aerospace, and industrial by leveraging our cutting-edge technology to build businesses across diverse markets, each with unique requirements, timelines, customers, and cultures.
**This****vacancy****is****for****candidates****looking****to****start a new role****in****Autumn****2026****.**
---
**Role Overview**
Argive, a division of Alloyed, is currently designing microturbine engines for jet propulsion applications. The system architecture is simple and scalable, with outer diameters ranging from 60-240mm. Argive’s development programme uses advanced manufacturing to increase performance compared to current state-of-the-art, leveraging complex designs and applying Alloyed’s suite of high-temperature materials. Additionally, the engines have a drastically reduced part count, low production cost and can be readily manufactured at scale.
Argive is seeking motivated engineers to support the design & prototyping of microturbine control systems across both hardware and firmware. This role involves close collaboration with mechanical design and experimental teams to validate and improve the control systems, and you will play a key role in the development and optimisation process. The role will cover all aspects of the engine control system; from design all the way through to testing.
You will be based at Alloyed’s site in Yarnton, north of Oxford. A highly competitive remuneration package is offered, including equity incentives.
---
**Responsibilities**
* Develop hardware and firmware solutions for the control of microturbines, including component selection, schematic capture, PCB layout, firmware development.
* Select and integrate new ancillaries for engine operation, coordinating their mechanical integration with the design team.
* Assist with the testing of new controls features, both at our on-site test facilities and off site with customers.
* Assist with the integration of the controls system into complex and varied flight systems.
* Support engineering reviews within the controls team, maintaining high standards of clarity and accuracy.
* Investigating and root-causing failures and defects, ranging from non-conforming components to system controls failures.
* Work within a young, fast paced, agile development team in collaboration with other engineers and technicians.
* Work collaboratively to solve complex problems with innovative solutions.
---
**Essential skills**
* Degree in Mechatronics or Electronics Engineering or similar relevant subject.
* Experience of projects involving embedded systems.
* Understanding of software design patterns, best practices and principles.
* Excellent problem-solving ability and capability to convert complex problems into actions with practical solutions.
* Adaptable, organised, and able to prioritise multiple workstreams.
* Willingness to get hands on with manufacturing and testing processes.
* Strong communication skills and ability to collaborate in cross-functional teams.
**Desired Skills**
* Experience with schematic capture and PCB layout, harness design.
* Proficient in the use of C or C++.
* Familiarity with:
- STM32 based platforms.
- RTOS implementations on these platforms.
- CAN implementations.
- Electric motor and DC power conversion design.
* A basic understanding of turbomachinery including operating principles and control variables.
* Practical controls prototyping skills: soldering, crimping etc.
---
**Closing date for applications will be Sunday 9th August 2026.**
**Starting Salary: £42,000 per annum**"
Active,Allstate,davidsonkempner.com,CRD & Trading Systems Senior Developer,https://job-boards.greenhouse.io/42trgbflgbrojhnsnlisgushghsgoclhljgljglhdkhgkhgkjkckkjhlgaldhgwghrghjgklgjmkayfkghyyluigtoiyoiyfytuoyjhfkjhhfhfahjhgkljhkjhkjgkdgbjgbbgdgbdkfjggshgdkyjteghdjthydjethjrttrthdhrtjhguherighereuhfe47534823583terghotfehsrourjrtjerjrjrj/jobs/4230892002,"About Davidson Kempner Davidson Kempner Capital Management LP is a global investment management firm. Founded in 1983, Davidson Kempner is headquartered in New York and has offices in Philadelphia, London, Dublin, Hong Kong, Shenzhen, Mumbai and Abu Dhabi. Our Firm invests globally and opportunistically across the capital structure, in a variety of credit and equity strategies as well as real assets. We apply our multi-dimensional, research-driven investment process to evaluate and execute a diverse range of transactions across asset classes, geographies and market cycles. We target complex, global situations where our experience and expertise can unlock value.
We bring together exceptional people from different disciplines and backgrounds who are energized by the challenges of navigating complexity. We look for people who demonstrate exceptional critical thinking skills, innate curiosity, creativity and embrace diverse viewpoints to calibrate their decisions. These differentiators make our people successful beyond a specific job at Davidson Kempner – but throughout their journey with us over many years.
Investment Management Technology – CRD & Trading Systems Senior Developer
We are hiring a CRD & Trading Systems Senior Developer to join our global Trading Systems team in London, supporting our CRD OMS and connected trading workflows used by desks worldwide.
This is a senior hands-on engineering role focused on enhancing, stabilising and extending our existing vendor OMS platform (CRD) and its integrations across front, middle and back office systems.
Our strategy is to leverage and evolve our vendor platform, engineering robustness, improving workflows, and reducing operational friction in a live production environment.
You will work closely with traders, compliance, operations and global technology teams to deliver pragmatic, incremental improvements that increase stability, transparency and time-to-market.
Success in this role requires strong production engineering discipline, comfort operating within vendor platform constraints, and a mindset focused on reliability and long-term platform evolution.
Key Responsibilities
Enhance and support CRD OMS workflows in a live production trading environment
Design and deliver improvements to order routing, FIX connectivity and downstream post-trade integrations
Act as senior escalation point for CRD-related production issues, driving root cause analysis and permanent fixes
Improve platform observability, logging, monitoring and operational resilience
Build and maintain integrations across front-, middle- and back-office systems (allocations, matching, confirmations, reconciliations, daily P&L)
Work iteratively with trading desks and operations to deliver small, safe, high-impact improvements
Contribute to CI/CD pipelines, release management and automation
Reduce manual processes and operational risk through thoughtful engineering
Requirements
Must Have
Recent hands-on experience delivering and supporting CRD OMS in a buy-side production environment
Strong C# / .NET engineering experience building and supporting production services
Working knowledge of FIX protocol, including session management, order lifecycle and production issue resolution
Experience diagnosing and resolving live trading system incidents with permanent remediation
Strong SQL Server / T-SQL skills (data modelling, performance tuning, troubleshooting)
Experience integrating vendor platforms with internal services and downstream systems
Demonstrated ability to improve stability, monitoring and operational robustness in complex environments
The idea candidate will demonstrate the following expected skills and behaviours:
Delivers
Delivers Results Is reliable and delivers consistent, accurate, organized and client-ready work in a timely manner with a sense of urgency; is able to expertly multi-task without sacrificing a high standard of work product and output; identifies ways to improve products / processes / procedures to drive efficiencies and output
Innovates: Consistently looks for better solutions versus acceptance of existing processes; Identifies and introduces new perspectives to drive change; is open to diverse viewpoints; promotes cutting- edge thinking and solutions; encourages adoption of best- practices
Connects
Builds Relationships: Is considered a valued, respectful and inclusive partner to stakeholders; proactively manages strong internal / external partnerships and identifies opportunities to build and strengthen relationships; contributes and celebrates the Firm's and others' success
Influences for Outcome: Understands what's important, including preference, value and motivation, to the person or people being influenced; listens to find common ground, and tailors the message to articulate ""what's in it for them""
Leads
Leads by Example with Team Mentality: Exhibits strong work ethic and sets example for others; is enthusiastic and optimistic; is accommodating of others and prioritizes team goals while seeking opportunities to improve cohesion and to celebrate team success; seeks opportunities to continuously learn and build skills
Engages with Feedback: Seeks ways to continually develop self and others; contributes to the development of others through honest, real time and constructive feedback"
Active,Allucent,aecom.com,Senior Data Analyst,https://jobs.smartrecruiters.com/AECOM2/744000140025350-senior-data-analyst,"Company Description
Work with Us. Change the World.
At AECOM, we're delivering a better world. Whether improving your commute, keeping the lights on, providing access to clean water, or transforming skylines, our work helps people and communities thrive. We are the world's trusted infrastructure consulting firm, partnering with clients to solve the world’s most complex challenges and build legacies for future generations.
There has never been a better time to be at AECOM. With accelerating infrastructure investment worldwide, our services are in great demand. We invite you to bring your bold ideas and big dreams and become part of a global team of over 50,000 planners, designers, engineers, scientists, digital innovators, program and construction managers and other professionals delivering projects that create a positive and tangible impact around the world.
We're one global team driven by our common purpose to deliver a better world. Join us.
Job Description
Join our growing team as a Senior Digital Data Analyst, in our UK offices including Manchester, Basingstoke, Birmingham, Cambridge, Edinburgh, Glasgow, Liverpool and London other locations across the UK may be considered). Become part of a digital team focused on partnering with clients to navigate the digital era. We bring together over 120 experts within Europe. across data engineering, AI/ML, technology, product advisory, and intelligent automation all working collaboratively to deliver clear digital strategies, unlock the power of data science, and seamlessly integrate technology into business operations.
Your primary responsibility will be to create compelling data insights tailored to client requirements. You will collaborate closely with digital and engineering teams across our regional and global organisation, analysing data and presenting stories that answer key questions and promote further engagement. Key Responsibilities:
Demonstrate advanced ability and relevant qualifications in data analytics.
Lead and mentor junior data analysts, providing guidance and support.
Work closely with Operations and Technical leads to ensure the delivery of project deliverables and all aspects of data visualisation and analytics within agreed timescales.
Apply advanced knowledge and experience in extraction, transformation, and loading (ETL) processes to data.
Create advanced dashboards in Power BI and other visualisation tools.
Produce solutions in accordance with current best practices and company standards.
Generate advanced visual outputs in Geospatial Analytics Software (GIS).
Interpret and create complex metrics from large datasets.
Set up and manage relational database tables, including but not limited to SQL Server and Dataverse.
Engage with clients and present data in layman’s terms, providing strategic insights and recommendations.
Identify new project opportunities with clients and lead bids to secure these projects.
Stay updated with the latest trends and technologies in data analytics and implement them in projects.
Design and develop low-code solutions using Power Automate and Power Apps
Come grow with us
At AECOM, you’ll thrive in an inclusive, forward-thinking environment where innovation is valued and your contributions make a real impact. You’ll collaborate with industry leaders to solve complex challenges and help shape transformative digital solutions for our clients.
We also offer a comprehensive range of core and personalised benefits designed to support your career growth and well-being. From flexible hybrid working that suits your lifestyle to continuous learning through AECOM University, technical networks, and structured development opportunities, plus dedicated volunteering days, you’ll have everything you need to build a rewarding and balanced career.
Qualifications
Here’s what we’re looking for:
Degree and/or experience in data analytics, computer science, or other related fields.
Advanced knowledge of dashboarding platforms such as Tableau, Power BI, Looker, etc.
Proven ability to tell a story from data from the ground up.
Security Clearance
Please note that our offer of employment is conditional upon your ability to meet UK security clearance requirements. This is necessary for you to work on the full range of projects requiring security clearance at AECOM Infrastructure and Environment UK Limited.
We celebrate diversity, including neurodiversity, and believe it enriches our team. We welcome applications from all backgrounds and abilities. If you are an applicant with a disability that requires reasonable accommodation to complete the application process, please contact us at [email protected]. At AECOM, we value everyone's unique contributions and perspectives. If you meet some of the requirements above or have transferable skills you believe would benefit us, we would be delighted to hear from you! Additional Information
At AECOM, we are committed to maintaining a secure and trustworthy recruitment process and take any fraudulent hiring activity seriously. To support this commitment, all newly hired employees are required to attend an in-person Day 1 onboarding at an AECOM office location as a condition of employment.
About AECOM
AECOM is the world’s trusted infrastructure consulting firm, delivering professional services throughout the project lifecycle – from advisory, planning, design and engineering to program and construction management. On projects spanning transportation, buildings, water, new energy and the environment, our public- and private-sector clients trust us to solve their most complex challenges. Our teams are driven by a common purpose to deliver a better world through our unrivaled technical and digital expertise, a culture of equity, diversity and inclusion, and a commitment to environmental, social and governance priorities. AECOM is a Fortune 500 firm and its Professional Services business had revenue of $16.1 billion in fiscal year 2025. See how we are delivering sustainable legacies for generations to come at aecom.com and @AECOM.
Freedom to Grow in a World of Opportunity You will have the flexibility you need to do your best work with hybrid work options. Whether you’re working from an AECOM office, remote location or at a client site, you will be working in a dynamic environment where your integrity, entrepreneurial spirit and pioneering mindset are championed.
You will help us foster a safe and respectful workplace, where we invite everyone to bring their whole selves to work using their unique talents, backgrounds and expertise to create transformational outcomes for our clients.
AECOM provides a wide array of compensation, benefits and well-being programs to meet the diverse needs of our employees and their families. We’re the world’s trusted global infrastructure firm, and we’re in this together – your growth and success are ours too.
Join us, and you’ll get all the benefits of being a part of a global, publicly traded firm – access to industry-leading technology and thinking and transformational work with big impact and work flexibility. As an Equal Opportunity Employer, we believe in each person’s potential, and we’ll help you reach yours.
We are a Disability Confident Employer and will offer an interview to applicants who have a disability or long-term condition, who meet the minimum/essential criteria for the role. Please let us know using this email address [email protected] if you would like to apply through the Disability Confident Interview Scheme.
All your information will be kept confidential according to EEO guidelines.
State/Province: Manchester
Business Group: DCS
Legal Entity: AECOM Limited
Business Line: Geography OH
Work Location Model: Hybrid
Operating Group: International
Primary Location: UK - Manchester, Level 4 - 100 Emban"
Active,Amaris Financial Partners,amaris.com,Network Engineer,https://careers.amaris.com/jobs/44621,"# Network Engineer
Manchester
Permanent Job
English
## Job description
You will join **Amaris Consulting** within our technology consulting scope, supporting one of our key clients in the agricultural technology sector. As a **Network Engineer**, the role will focus on ensuring the operational health, stability, and performance of complex network environments while providing hands-on technical support, incident resolution, and continuous improvement across international infrastructures.
#### Your Missions
* Provide triage, analysis, and resolution of network incidents across complex international environments.
* Manage incidents end-to-end, involving additional technical resources when required to ensure timely resolution.
* Act as major incident manager when the business impact requires structured coordination and escalation.
* Troubleshoot and configure networking equipment, including Cisco, Meraki, and other relevant technologies.
* Use network management systems to identify issues, assess impact, and support accurate diagnosis.
* Collect packet captures and perform initial analysis to support incident investigation and resolution.
* Coordinate with local contacts, service providers, and technical teams to resolve connectivity, hardware, and service issues.
* Support DNS and DHCP requests, CMDB updates, internal knowledge base maintenance, and network changes defined by design and planning teams.
#### Your Profile
* Minimum 3 years of experience in hands-on troubleshooting and configuration within large multinational corporate networks using diverse technologies and vendors.
* Experience working directly with Cisco IOS, Meraki Dashboard, WLAN technologies, and network implementation or refresh projects.
* Knowledge of Cisco NSO, SAE, UCS, ISE, DUO, VMware, and network management tools such as Nagios, SevOne, LiveNX, SolarWinds, NetScout, ServiceNow, or Meraki Dashboard is a plus.
* Strong understanding of network protocols and functions, including BGP, OSPF, EIGRP, NAT, DNS, DHCP, SD-WAN, IPAM, SDN, ACL, Spanning Tree, VLAN, OSI Model, NetFlow, and TACACS.
* Familiarity with syslogs, SNMP traps, device polling, NetFlow, and other network management functions.
* Understanding of ITIL principles, including event, incident, problem, and change management.
* Cisco Certified Network Associate certification or comparable certification is required; equivalent proven professional experience may also be considered.
* English fluent.
* Strong communication skills, with the ability to explain complex technical topics clearly to non-technical audiences under time constraints.
* Strong organizational skills, with the ability to manage multiple priorities, meet deadlines, and support remote troubleshooting with clients and site contacts.
#### What We Offer
* An international community bringing together 110+ different nationalities.
* An environment where trust has a central place: 70% of our key leaders started their careers at the first level of responsibilities.
* A robust training system with our internal Academy and 250+ available modules.
* A vibrant workplace that frequently gathers for internal events, including afterworks and team buildings.
* Exposure to complex international network environments and large-scale infrastructure operations.
* The opportunity to contribute to high-impact technology projects involving incident management, network performance, and continuous improvement.
* At Mantu, sustainability is part of everything we do. You’ll have the opportunity to turn your ideas into action and make a tangible impact. Every day, our teams bring our ESG commitments to life, from reducing our footprint to driving positive change within our communities. Through our WeCare Together program, you’ll be empowered to design and lead projects that create real social or environmental impact, with the company’s full support.
*Amaris Consulting is proud to be an equal-opportunity workplace. We are committed to promoting diversity within the workforce and creating an inclusive working environment. For this purpose, we welcome applications from all qualified candidates regardless of gender, sexual orientation, race, ethnicity, beliefs, age, marital status, disability, or other characteristics.*
*#LI-HG1*
## Who are we?
**Amaris Consulting** is an independent technology consulting firm providing guidance and solutions to businesses. With more than 1000 clients across the globe, we have been rolling out solutions in major projects for over a decade – this is made possible by an international team of 7,600 people spread across 5 continents and more than 60 countries. Our solutions focus on four different Business Lines: Information System & Digital, Telecom, Life Sciences and Engineering. We’re focused on building and nurturing a top talent community where all our team members can achieve their full potential. Amaris is your steppingstone to cross rivers of change, meet challenges and achieve all your projects with success. At Amaris, we strive to provide our candidates with the best possible recruitment experience. We like to get to know our candidates, challenge them, and be able to give them proper feedback as quickly as possible. Here's what our recruitment process looks like: **Brief Call**: Our process typically begins with a brief virtual/phone conversation to get to know you! The objective? Learn about you, understand your motivations, and make sure we have the right job for you! **Interviews** (the average number of interviews is 3 - the number may vary depending on the level of seniority required for the position). During the interviews, you will meet people from our team: your line manager of course, but also other people related to your future role. We will talk in depth about you, your experience, and skills, but also about the position and what will be expected of you. Of course, you will also get to know Amaris: our culture, our roots, our teams, and your career opportunities! **Case study**: Depending on the position, we may ask you to take a test. This could be a role play, a technical assessment, a problem-solving scenario, etc. As you know, every person is different and so is every role in a company. That is why we have to adapt accordingly, and the process may differ slightly at times. However, please know that we always put ourselves in the candidate's shoes to ensure they have the best possible experience. We look forward to meeting you!"
Active,AmTrust International,amtrustinternational.com,Third Party Risk Management (TPRM) Program Lead,https://emp.jobylon.com/jobs/371556-amtrust-international-third-party-risk-management-tprm-program-lead,"# Third Party Risk Management (TPRM) Program Lead
* London
* Hybrid
## AmTrust is a global insurance provider offering risk-management solutions and business underwriting. Today AmTrust International underwrites over $1.8 billion of gross written premiums and employs more than 1500 employees globally.
We are currently looking for a Third Party Risk Management (TPRM) Program Lead to join our team based out of our London office.
The role will support the ongoing development, enhancement, and delivery of AmTrust's Global Third-Party Risk Management programme, ensuring robust governance, due diligence, and risk oversight across a diverse range of third-party relationships. This is an exciting opportunity to join a growing global function at a pivotal stage in its evolution.
Working within Global Compliance, you will play a key role in shaping and maturing our TPRM framework, partnering with stakeholders across the business, supporting the implementation and optimisation of our OneTrust platform, and driving process improvements that strengthen the organisation's risk management capabilities. The role also provides significant exposure to enterprise-wide risk management, regulatory requirements, and senior stakeholder engagement. To be successful in this role, you will have experience in Third-Party Risk Management, Vendor Risk Management, Compliance, Operational Risk, or a related discipline, a strong understanding of the end-to-end third-party risk lifecycle and due diligence processes, and hands-on experience with OneTrust or a similar TPRM platform. You will also be comfortable managing multiple priorities, working with cross-functional stakeholders, and driving initiatives through to completion in a regulated environment.
For more information click here for the Job Description. To apply, submit your CV and we will be in touch.
## * Income Protection Cover if you're off sick continuously for 26 weeks or more
* Professional Development + Membership support, where required by the role
* Support for your Continuing Career
* Eligibility to participate in our annual bonus scheme
* E-Learning & Development Portal
* Company Days Off in Addition to Annual Leave
* Private Medical Insurance
* Worldwide Travel Insurance
* Discounted Gym Membership
## About the company
AmTrust is a global insurance provider offering risk-management solutions and business underwriting. Today AmTrust International underwrites over $1.8 billion of gross written premiums and employs more than 1500 employees globally. At AmTrust, our business is always on the move. Life at AmTrust offers a challenge for motivated employees, but our fast-paced environment always provides a chance to celebrate the creativity and innovation of individuals.
From our founding in 1998, AmTrust has generated steady, stable, and positive growth with the acquisition of multiple companies. Our success boils down to the spirit of all our employees, from accountants and appointed agents to marketers and designers. The entrepreneurial spirit, innovation, and collaboration of AmTrust employees has propelled our brand forward. AmTrust’s robust growth over the past three decades means our employees have numerous possibilities to not just launch a career in insurance, but also have the opportunity to advance and mature that career."
Active,AmTrust International,amtrustinternational.com,Claims Insights Specialist,https://emp.jobylon.com/jobs/372916-amtrust-international-claims-insights-specialist,"# Claims Insights Specialist
* Nottingham
* Hybrid
## AmTrust is a global insurance provider offering risk-management solutions and business underwriting. Today AmTrust International underwrites over $1.8 billion of gross written premiums and employs more than 1500 employees globally.
We are currently looking for a Claims Insights Specialist to join our team based out of our Nottingham office.
The role will support our Claims Governance function by delivering insights and analysis that help drive performance, improve operational efficiency, and strengthen oversight of delegated claims providers.
This is an exciting opportunity to play a key role in identifying claims trends, supporting business transformation initiatives, and influencing process improvements across the claims operation. Working closely with stakeholders across Claims, Risk, Compliance, Audit and IT, you will help deliver meaningful change while contributing to strategic business objectives.
To be successful in this role, you will ideally have experience within the insurance claims sector, strong analytical and reporting capabilities, and a proven track record of supporting process improvement or transformation initiatives. You will also be comfortable interpreting complex data, identifying opportunities for enhanced performance, and engaging with a broad range of stakeholders.
For more information click here for the Job Description. To apply, submit your CV and we will be in touch.
## * Income Protection Cover if you're off sick continuously for 26 weeks or more
* Professional Development + Membership support, where required by the role
* Support for your Continuing Career
* Eligibility to participate in our annual bonus scheme
* E-Learning & Development Portal
* Company Days Off in Addition to Annual Leave
* Private Medical Insurance
* Worldwide Travel Insurance
* Discounted Gym Membership"
Active,Anyone AI,tripadvisor.com,Principal Product Analyst,https://job-boards.greenhouse.io/tripadvisor/jobs/7950350,"About Tripadvisor
The Tripadvisor Group connects people to experiences worth sharing, and aims to be the world’s most trusted source for travel and experiences. We leverage our brands, technology, and capabilities to connect our global audience with partners through rich content, travel guidance, and two-sided marketplaces for experiences, accommodations, restaurants, and other travel categories. The subsidiaries of Tripadvisor, Inc. (Nasdaq: TRIP), include a portfolio of travel brands and businesses, including Tripadvisor, Viator, and TheFork.
At Tripadvisor experiences, the only thing we love more than travel is data. We slice it, we dice it, and we use it to empower our decision making.
What You will do:
Working as one of the leaders within the Product Analytics team and closely with the Product Pod, you will be the lead analyst responsible for driving improvement in the product, through data, analytics and insight.
Lead on Experimentation and AB Testing as a key element of the role, where you will run the analysis for any tests, using our in house system and mentor others.
Product Analytics at Viator is about finding opportunities to improve customer experience, this is through many aspects but would include Funnel, Feature and Cohort Analysis.
It's also about Realising those opportunities, working with the Product Pod to provide insight that drives change, either through AB Testing or Release. In supporting the Objectives and Key Results we’re looking to drive, you will play a key role in creating reporting, analytics and insight views, that help the team to understand the product, the customer and commercial performance, whilst guiding others to do the same.
Talking about the customer, we’re not just talking about one group, so segmentation, cohorts and customer understanding are at the heart of the role. Skills & Experience:
Significant Experience in a related analytical role, (ideal background may include Product Analyst, Data Science - Product, CRO, Digital Analytics, or Experimentation Analyst)
Education: Bachelor's Degree in an analytical field (maths, economics, engineering, statistics, computer science etc)
Skills - Advanced SQL, AB Testing / Experimentation, Tableau/Looker, Excel etc
Proactive - ability to lead the analytics discussions , driving change, shaping approach
Knowledge - ideally you will have knowledge of and worked in a Product Analytics or similar role, covering AB Testing, Conversion Optimisation, Funnel and Feature Analysis
Customer Focus - having a passion for customer understanding and their experience, you will have experience of Segmentation and Cohort Analysis. Collaboration - Your previous experience will have given the opportunity to work with Product, Engineering, Design etc, as part of a Product Approach. Critical Thinking - Your previous experience will demonstrate the analysis of available facts, evidence, observations, and arguments in order to form a judgment by the application of rational, skeptical, and unbiased analyses and evaluation.
Leadership - You demonstrate the best approach to analytical problems, applying critical thinking, you lead others by example in executing best practices
We strive to create an accessible and inclusive experience for all candidates. If you need a reasonable accommodation during the application or the recruiting process, please make sure to reach out to your individual recruiter or our team at AccessibleRecruiting@tripadvisor.com.
If you have any additional questions about careers at Tripadvisor you can email us at recruitment@tripadvisor.com. We have all the answers!
#LI-Remote
#LI-SM1"
Active,AON,aon.com,Broker,https://jobs.aon.com/jobs/103809?lang=en-us&previousLocale=en-US,"# Broker
**Broker – Marine Cargo**
Are you eager to engage in a client facing Broker position, while enhancing your technical insurance skills?
Ideally, you’ll already have experience within broking role, and be looking for your next step withing your broking position. If this sounds like you, the London Marine Cargo team is seeking a Broker to join the team in a hybrid role based in London at the Global Broking Centre.
**Aon is in the business of better decisions**
At Aon, we shape decisions for the better to protect and enrich the lives of people around the world.As an organization, we are united through trust as one inclusive, diverse team, and we are passionate about helping our colleagues and clients succeed.
**Aon is in the business of better decisions**
At Aon, we shape decisions for the better to protect and enrich the lives of people around the world.
As an organization, we are united through trust as one inclusive team and we are passionate about helping our colleagues and clients succeed.
**What the day will look like**
In this varied role your responsibilities will include, but aren’t limited to:
* Supporting senior brokers with the preparation, negotiation and placement of renewal and new business for marine cargo clients.
* Preparing and updating market presentations and broker submissions to respond to client and prospect enquiries.
* Reviewing and drafting basic insurance documentation (e.g. slips, endorsements and binders) under supervision, and issuing them to clients and insurers.
* Using electronic placing platforms to support the placement process and, once trained, sign market lines under appropriate authority.
* Building and maintaining strong working relationships with insurers and underwriters, initially alongside senior brokers and increasingly independently as your experience grows.
* Liaising closely with Client Service Delivery (CSD) colleagues to ensure accurate and timely processing of documentation, invoicing and policy issuance.
* Contributing to the maintenance of placement records, broking file quality and compliance with internal procedures.
* Representing Aon and the Yacht team professionally in internal and external meetings, demonstrating an understanding of client objectives and Aon’s broader capabilities.
**How this opportunity is different**
This is a fantastic role for someone looking to make their next move in their broking career.
This team specialises forms part of our global broking centre and they are specialists in this area of business, you will gain exposure to a broad portfolio ofc clients wiht the opportunity to continue to develop your broking career.
The team acts as a centre of excellence within Aon, supporting colleagues across regions.
**Skills and experience that will lead to success**
* Experience in a broking or similar insurance role
* Familiarity with insurance industry systems and tools, with the ability to learn and use placing platforms and internal systems efficiently.
* Strong attention to detail and commitment to high‐quality documentation and file management.
* Evidence of building effective working relationships, ideally with internal stakeholders (e.g. brokers, account managers, operations).
* High level of numeracy, analytical thinking and problem‐solving skills.
* Effective communication and presentation skills, both written and verbal.
* Ability to work well as part of a cross‐functional team, taking direction from senior brokers while proactively managing your own workload.
2581703
Apply
Tell us about how you live Aon’s Values...
Hi. This is Rick Jones from Aon's. Wealth Solutions Team, as I think about ...
Rick
Senior Partner--Wealth
Employment Type
: Full Time
Department
: Aon Corporation
Location
: United Kingdom
Workplace Type
: Office Based
Date Posted
: 2026-07-27T11:59:00+0000
### Similar Jobs
Pension Broker
Req ID: 98198
location\_on
Zurich, Switzerland
label
Health and Benefits
access\_time
4 months ago
Broker/Brokerka
Req ID: 104732
location\_on
Poznan, Poland
label
Retail Broking - Property & Casualty
access\_time
13 days ago
### How we support our colleagues
In addition to our comprehensive benefits package, we encourage an inclusive workforce. Plus, our agile environment allows you to manage your wellbeing and work/life balance, ensuring you can be your best self at Aon. Furthermore, all colleagues enjoy two “Global Wellbeing Days” each year, encouraging you to take time to focus on yourself. We offer a variety of working style solutions for our colleagues as well.
Our continuous learning culture inspires and equips you to learn, share and grow, helping you achieve your fullest potential. As a result, at Aon, you are more connected, more relevant, and more valued.
Aon values an innovative and inclusive workplace where all colleagues feel empowered to be their authentic selves. Aon is proud to be an equal opportunity workplace.
Aon provides equal employment opportunities to all employees and applicants for employment without regard to race, color, religion, creed, sex, sexual orientation, gender identity, national origin, age, disability, veteran, marital, domestic partner status, or other legally protected status.
We welcome applications from all and provide individuals with disabilities with reasonable adjustments to participate in the job application, interview process and to perform essential job functions once onboard. If you would like to learn more about the reasonable accommodations we provide, email ReasonableAccommodations@Aon.com."
Active,Aoshearman,aoshearman.com,AI Engineer,https://careers.aoshearman.com/en/job/belfast/ai-engineer/3392/37299255680,"# AI Engineer
Belfast, United Kingdom
* Overview
* Responsibilities
* Success profile
* Culture
* Candidate charter
* Benefits
## Technology that powers global performance Back to nav Back to nav
Global IT at A&O Shearman is driving the technology that underpins a leading international law firm. Our strategy is centred on creating a connected, forward‐looking environment where secure, high‐performing platforms enable people to work seamlessly across our global network. We combine deep technical expertise with a sharp focus on business outcomes - ensuring technology is not just reliable, but a true enabler of growth and innovation. From cloud and infrastructure to data and security, we are continuously evolving our technology landscape to meet the demands of a fast‐paced, global business. It’s an environment where ideas are valued, standards are high, and impact is tangible.
Apply
Job ID
: 10741BR
Location
: Belfast, United Kingdom
Job Family
: Business teams
Practice Area
: Information technology
Job Type
: Permanent
Working Arrangement
: Hybrid
## Job description
We have an exciting opportunity for a **AI Engineer (Officer/Specialist)** to join our **IT (EA & Technology Platforms) team,** based in A&O Shearman's Belfast office. **Enterprise Architecture and Technology Platforms team - Belfast**
The core of the global technology department’s mission is to provide stable, reliable, and secure platforms and services to our partners, staff and clients and fulfil our regulatory obligations across 30+ countries. To ensure that a consistent and standardised IT service is delivered to all offices, IT is managed and led as a global function, enabling all offices to benefit from complete systems integration and economies of scale. We have around 400 technologists based predominantly in the UK, Singapore and increasingly in the US.
To develop and maintain the firm’s technology strategy and enterprise architecture. In parallel, own, improve and simplify the firm’s key technology ‘building blocks’ by designing, building and managing the core technology platforms which are fundamental to delivering strategic business goals.
**What you will do**
Reporting to the Senior AI Engineer, this role will be responsible for the strategy, design, and implementation of advanced AI and ML use cases across the firm. The role is a member of AI Platforms team and is an integral part of enabling AI use cases as well as motivating a team of skilled IT professionals and directing external third-party service providers.
This individual is accountable for the implementation of the full lifecycle of AI solutions including model development, validation, deployment, and integration into other systems while providing feedback to continue to evolve the AI platform.
The ideal candidate will have a strong background in machine learning, data analysis, and software development. The role will be responsible for designing, developing, and implementing AI solutions to solve complex problems and enhance our products and services resulting in improved experiences for our fee earners and business teams.
* Design, develop, and deploy AI models and algorithms to address business challenges.
* Conduct data analysis and pre-processing to ensure high-quality input for AI models.
* Implement and optimize AI models for performance and scalability.
* Standardize model usage matching fit-for-purpose use cases and personas
* Work with finops to optimize and evaluate cost of AI technologies in relation to business outcomes.
* Stay up-to-date with the latest advancements in AI and machine learning technologies.
* Document and present findings and solutions to stakeholders.
* Champion ethical AI practices and model governance, including bias mitigation, and compliance with data security and privacy regulations
* Develop customer relationships with fee earners and business teams to manage the delivery of AI data modelling.
* Support the Enterprise Architecture & Technology Platforms leadership team to collectively define, implement and operate the firm’s AI modeling and deployment.
* Act as the focal point for matters related to AI data modelling, providing expert guidance to other teams when required.
* Other duties and responsibilities as assigned.
* Identify opportunities for continuous improvement in supporting the design, development, and deployment of the firm's AI models and systems .
**What you will have**
Experience:
* Direct or related experience in machine learning, deep learning, and AI model development, preferably within the legal or professional services sector.
* Proficiency in programming languages such as Python, R, or C-Sharp.
* Experience with AI frameworks and libraries such as TensorFlow, PyTorch, or scikit-learn.
* Experience with cloud platforms (AWS, GCP, Azure), experience with Azure a plus.
* Experience leveraging AI code-writing assistants (e.g., GitHub Copilot, Claude Code, Codex) with appropriate engineering controls (code review, testing, security) in professional environments.
* At least 5 years background in the IT industry, with experience leading/mentoring development teams
* Knowledge of IT strategic planning, design, and operations processes.
* Knowledge of current IT and data market trends and technology innovations.
* Knowledge and understanding of AI/ML platforms (eg Azure AI Foundry) and their operational management.
Personal:
* Proven stakeholder engagement and communication skills.
* Proven business acumen and ability to understand how they add value the function, firm or clients.
* Ability to lead and develop team members.
* Promotes the firm's values at all times and is comfortable working with a wide range of people and departments.
**What we can offer you**
We recognise that our people are our most valuable asset, which is reflected in the wide range of benefits that are available to our employees. Some of these benefits include: our occupational pension scheme, group income protection cover, private medical insurance, mental health resources and free apps, health and wellbeing services encompassing GP service, emergency back-up care support, parental and special leave, holiday entitlement increasing with length of service, holiday trading, online discounts and lifestyle management services.
We recognise the value of flexible working and embrace hybrid working, allowing our people to work from home up to 40% of their working time. We do, however, remain committed to working together in person for the remaining 60% of time so that we can learn, grow and succeed together.
Should you require additional support at any stage of the recruitment process due to a disability or a health condition, please do not hesitate to contact a member of our recruitment team who will work with you to provide any adjustments as required. We are an equal opportunities recruiter and do not discriminate on the basis of race, colour, sex, religion, sexual orientation, national origin, disability, or any other protected characteristic. **NO AGENCIES PLEASE** - A&O Shearman does not accept unsolicited CVs. For further information, please see our UK Recruitment Agency Policy and our commitment to direct sourcing here( opens in new window).
**About A&O Shearman** A&O Shearman is a new global industry-leading law firm, with nearly 50 offices in 29 countries worldwide. Our fluency in English law, US law, and the laws of the world’s most dynamic markets, enables us to provide unmatched insight and seamless delivery to clients. We work on challenging and important deals and disputes that have the potential to shape the future. We offer exceptional opportunities for our people; opportunities to work for the world’s leading businesses; to transform the status quo, and to deliver your best work, helping you and your career to thrive, while delivering unparalleled outcomes for our clients. Whether you're helping clients solve complex challenges, transforming the ways we manage our business, or ensuring the smooth-running of our operations, this is an environment where you can belong and excel. We provide first-rate training and development, we are committed to an inclusive environment, and we provide support and ways of working that help you optimise your wellbeing. What truly defines a career with us? We recruit the best and ask for the best of you. And together, we will redefine success.
A&O Shearman is a new global industry-leading law firm, with nearly 50 offices in 29 countries worldwide. Our fluency in English law, US law, and the laws of the world’s most dynamic markets, enables us to provide unmatched insight and seamless delivery to clients. We work on challenging and important deals and disputes that have the potential to shape the future. We offer exceptional opportunities for our people; opportunities to work for the world’s leading businesses; to transform the status quo, and to deliver your best work, helping you and your career to thrive, while delivering unparalleled outcomes for our clients. Whether you're helping clients solve complex challenges, transforming the ways we manage our business, or ensuring the smooth-running of our operations, this is an environment where you can belong and excel. We provide first-rate training and development, we are committed to an inclusive environment, and we provide support and ways of working that help you optimise your wellbeing. What truly defines a career with us? We recruit the best and ask for the best of you. And together, we will redefine success.
Apply
### Share this job
* Facebookopens in new window
* Xopens in new window
* LinkedInopens in new window
* Email
### Share this job
* Facebookopens in new window
* Xopens in new window
* LinkedInopens in new window
* Email
## Explore the location and commute options
Start Exploring
Back to nav
Back to nav
The technology you’ll work with
In global IT, you’ll be supported by a modern, enterprise‐grade technology ecosystem designed to enable performance, security and innovation. Our environment brings together best‐in‐class platforms, cloud infrastructure and specialist tools that underpin a leading global law firm. From collaboration and knowledge sharing to advanced security and data capabilities, we ensure our teams have what they need to deliver at pace. Alongside access to the latest technologies, you’ll benefit from strong technical communities, structured learning and ongoing investment in our IT landscape - empowering you to build expertise and drive meaningful impact.
### Service management
* ServiceNow
* ITIL frameworks
### Data and analytics
* Power BI
* Azure Data Services
### Automation and development
* Power Platform
* PowerShell
* Azure DevOps
### Legal technology
* Relativity
* Practice and matter management systems
### Cloud and infrastructure
* Azure
* VMware
### Workplace and collaboration
* Microsoft 365
* Teams
* SharePoint
* OneDrive
### Document and knowledge management
* iManage
* Knowledge platforms
### Security and identity
* Microsoft Defender
* Entra ID (Azure AD)
* DLP tools
### Service management
* ServiceNow
* ITIL frameworks
### Data and analytics
* Power BI
* Azure Data Services
### Automation and development
* Power Platform
* PowerShell
* Azure DevOps
### Legal technology
* Relativity
* Practice and matter management systems
### Cloud and infrastructure
* Azure
* VMware
### Workplace and collaboration
* Microsoft 365
* Teams
* SharePoint
* OneDrive
### Document and knowledge management
* iManage
* Knowledge platforms
### Security and identity
* Microsoft Defender
* Entra ID (Azure AD)
* DLP tools
### Service management
* ServiceNow
* ITIL frameworks
### Data and analytics
* Power BI
* Azure Data Services
### Automation and development
* Power Platform
* PowerShell
* Azure DevOps
### Legal technology
* Relativity
* Practice and matter management systems
## Built to excel
In global IT, excellence is built through a combination of technical expertise, curiosity and a drive to continuously improve. Our strongest performers bring a pragmatic, solutions‐focused mindset and take ownership of delivering high‐quality outcomes. They collaborate effectively across teams, adapt quickly to change and stay focused under pressure. With a clear understanding of how technology enables the business, they balance innovation with reliability. Above all, they are committed to raising standards - contributing ideas, refining approaches and consistently delivering impact in a fast‐moving, high‐performance environment.
* Technically credible
* Solution focused
* Accountable
* Collaborative
* Resilient
* Innovation minded
Back to nav
Back to nav
## Why us?
As a leading global law firm, we rely on our global IT function to keep us at the forefront - enabling our people with secure, innovative and high‐performing technology.
Our IT teams play a critical role in ensuring the business runs seamlessly and adapts to change. You’ll work in a collaborative, international environment where your expertise has real impact, supporting lawyers and business teams across the firm.
Back to nav
Back to nav
We offer a high‐performance, partnership culture built on trust, continuous improvement and innovation. With strong investment in development and clear opportunities to grow, you’ll be empowered to bring new ideas and shape how we operate.
## Shaping your career
You can build a career here with clear expectations, regular development conversations, and ongoing access to training. We tailor development to your role and strengths, helping you build leadership, management, and business skills to reach your potential.
You’ll benefit from a wide range of learning via our platform, supported by regular check-ins through our compass approach to align priorities and development goals.
We support internal progression, including moves that aid growth. Many colleagues explore varied roles, secondments, or international opportunities - so being proactive, owning your development, and sharing your goals is key to making the most of these possibilities.
## Your journey, our commitment
We believe recruitment should feel clear, respectful and genuinely engaging at every stage. Our approach is built around open communication, meaningful conversations and giving you a true sense of who we are - how we work, what we value and where you could fit. We ask for professionalism and openness in return. It’s a partnership, grounded in trust and transparency, designed to help you make confident, informed decisions about your career while enabling us to get to know you at your best.
EXPLORE OUR CANDIDATE CHARTER
Back to nav
Back to nav
## Benefits
Our range of benefits is designed to meet your changing needs, providing support for physical, mental and financial well-being. We regularly review our reward and benefits programs to ensure they remain relevant and competitive. We believe it’s important for our people to share in the success of the firm and be recognized for their contributions. We do that through a range of salary, discretionary bonus plans and market-competitive benefits.
Our benefits packages vary by location but are guided by the same global principles:
Back to nav
Back to nav
### Health and wellness
Access to check-ups, insurance cover, extra support when needed, and well-being platforms.
### Remuneration and rewards
We recognize contribution to client work, or business teamwork, as well as to the firm and the community. We share the financial success of the firm in a fair and transparent manner.
### Financial benefits
We look to provide financial peace of mind, which can include insurances, assurances, and saving for retirement (market-dependent.)
### Family and lifestyle
We aim to support you in managing your demands and commitments effectively alongside your working life, as well as providing perks and discounts to assist with travel, fun and well-being.
### Learning and development
We invest in your performance and progression by giving you access to top-quality training and development through an ongoing blend of structured and informal learning opportunities.
### Social impact
With us, you’re encouraged to volunteer your time and skills, whether you’re a lawyer or business professional, junior or senior. You’re free to choose a cause that matters to you, or to support our chosen global charity."
Active,Apadmi Ltd,apadmi.com,Business Development Executive New Salford Quays,https://www.apadmi.com/vacancy/4938496101,"# Business Development Executive
Business Development Salford Quays
## Business Development Executive Bu­s­i­n­e­s­s De­v­e­l­o­p­m­e­n­t Ex­e­c­u­t­i­v­e
Joining an award-winning global leader in mobile technology and integration, you will focus on identifying opportunities, building relationships from scratch, and confidently engaging senior decision-makers. You’ll collaborate closely with Growth Directors and Marketing to align outreach with strategic campaigns, acting as a trusted first point of contact for prospective clients as Apadmi continues its international growth.
We’re looking for a proactive Business Development Executive to join Apadmi and play a key role in generating new business opportunities across UK Financial Services, Insurance, and Sri Lanka. Working from our Salford Quays HQ, you will build a strong sales pipeline through targeted outbound prospecting and multi-channel engagement. This is a role for someone who thrives on prospecting, enjoys picking up the phone, and is energised by creating opportunities where others see dead ends.
## Apply now
Start your careers journey here
Apply now
## What you’ll be working on What you’ll be w­o­r­k­i­n­g on
In this outbound sales development role, you will research, identify, and prospect into target accounts across your dedicated markets. You will own your pipeline of activity using modern sales tools like Salesforce, LinkedIn Sales Navigator, and Salesloft to consistently generate qualified meetings. By testing and refining your approach, you will drive new business pipeline while representing Apadmi at industry events and exceeding activity targets.
* Research, identify, and prospect into target accounts using tailored, multi-channel outbound campaigns.
* Build relationships with senior stakeholders through proactive cold calling, email, LinkedIn, and creative outreach techniques.
* Generate qualified sales opportunities that directly contribute to Apadmi’s strategic new business pipeline.
* Focus initially on the UK Financial Services & Insurance sectors, alongside driving outbound growth across Sri Lanka.
* Manage a consistent, disciplined pipeline of activity using Salesforce, LinkedIn Sales Navigator, and Salesloft.
* Collaborate with Growth Directors and Marketing to align messaging with strategic campaigns and account lists.
* Represent Apadmi at relevant industry events to connect with decision-makers and build brand awareness.
* Continuously test, refine, and optimise your outreach techniques to hit and exceed pipeline targets.
## What you’ll bring to the team What you’ll bring to the team
You are a resilient, self-motivated sales professional with a proven track record in outbound prospecting and account generation. You are confident picking up the phone, engaging senior stakeholders, and navigating complex corporate structures. Curious and coachable, you thrive in a fast-paced environment and possess the organisation and persistence needed to turn cold prospects into high-value sales opportunities.
* Proven experience as a BDE or SDR with a history of generating qualified outbound meetings.
* Highly confident making cold calls and engaging senior decision-makers across target organisations.
* Experience working towards and exceeding activity, meeting, and pipeline creation KPIs.
* Experience selling into or prospecting within the Financial Services and/or Insurance sectors is advantageous.
* Practical experience using Salesforce, LinkedIn Sales Navigator, and sales engagement platforms (e.g., Salesloft).
* Exceptionally persistent, comfortable handling rejection, and motivated to create opportunities.
* Excellent time management skills with the discipline to manage high-volume activity effectively.
* Driven by continuous personal development, eagerness to learn, and adapting to evolving business priorities."
Active,Apadmi Ltd,apadmi.com,Senior Project Manager New Salford Quays,https://www.apadmi.com/vacancy/4938519101,"# Senior Project Manager
Project Management Salford Quays
## Senior Project Manager Se­n­i­o­r Pr­o­je­c­t Ma­n­a­g­e­r
You’ll play a pivotal role in delivering new digital software products and enhancing existing ones for top-tier clients. Acting as the primary bridge between technical teams and business stakeholders, you will manage project budgets, shape direction, and ensure everything runs smoothly. You’ll collaborate closely with designers, developers, solution architects, and strategists in a setting where projects vary in both size and technical complexity.
We’re on the hunt for a Senior Project Manager who’s ready to take the lead on ambitious digital projects across our diverse client portfolio. In this role, you’ll steer the full software delivery lifecycle, from early scoping and planning through to hands-on execution. You’ll be at the heart of complex builds and system integrations, working alongside multi-disciplinary teams to bring brilliant digital products to life. It’s a role for someone who thrives in a fast-paced, agile environment and drives impact through smart thinking and strong leadership.
## Apply now
Start your careers journey here
Apply now
## What you’ll be working on What you’ll be w­o­r­k­i­n­g on
As a Senior Project Manager, you will lead the end-to-end delivery of technical software projects, keeping initiatives aligned, efficient, and on track. You’ll define project scope, build realistic estimates, track financial burndowns, and proactively manage risks and dependencies before they cause friction. Additionally, you will oversee scope change requests, ensure invoicing aligns with Statements of Work, and foster continuous improvement across all workflows.
* Define and shape project scope, objectives, estimates, and deliverables to set every engagement up for success.
* Collaborate with Solution Architects and development leads to understand technical solutions and inform accurate delivery planning.
* Act as the bridge between technical teams and clients, translating complex technical risks into clear, actionable insight.
* Track project budgets and report on financials, including burn rates, forecasts, and invoicing against Statements of Work.
* Work with resourcing teams to ensure projects are appropriately staffed with realistic timelines.
* Proactively identify and manage risks, assumptions, and dependencies—resolving or escalating issues early.
* Manage project scope, oversee change requests, and maintain clear documentation across Jira, Confluence, and Certinia.
* Apply industry best practices and agile delivery techniques to ensure smooth project execution and continuous improvement.
## What you’ll bring to the team What you’ll bring to the team
You bring proven experience managing complex software projects and large-scale system integrations, ideally within a digital agency or consultancy environment. Confident navigating both the technical and human sides of delivery, you can engage in solution architecture discussions and guide senior stakeholders through decisions with clarity. Calm under pressure, organised, and outcome-focused, you possess a forward-planning mindset with a strong attention to detail.
* Proven experience delivering end-to-end software projects, including large-scale app builds and system integrations.
* Comfortable engaging in architecture discussions and reviewing technical documentation to support planning and risk management.
* Excellent communication and negotiation skills, with a track record of building trust with senior client partners.
* Strong understanding of agile delivery methodologies, with the flexibility to adapt to traditional practices when required.
* Highly proficient using industry-standard project management platforms like Jira, Confluence, and Certinia.
* Skilled in tracking project budgets, managing scope change, and forecasting team resourcing needs.
* A strategic, forward-planning approach that stays calm under pressure and focuses on pragmatic solutions.
* Reliable, outcome-focused, and capable of managing competing priorities independently."
Active,APCOA Parking group,apcoa.co.uk,Full-time Customer Service Advisor,https://careers.apcoa.co.uk/vacancies/4715/full-time-customer-service-advisor.html,"# Full-time Customer Service Advisor
Apply
*Location*
Wigan
*Salary Details: £*
£26,436.80 Per Annum
* Home
* Vacancies
* Full-time Customer Service Advisor
## The Role
**Full-time Customer Service Advisor - Wigan – Working 5 days over 7, between 8am and 8pm**
**£26,436.80 Per Annum | 40 Hours per Week**
**Are you a natural problem solver? Do you have a passion for delivering exceptional customer experiences?** If so, we’d love to hear from you!
Join our friendly and dedicated team as a **Customer Service Advisor**, where every interaction makes a difference. You’ll become the friendly voice of our company, helping customers with tailored solutions while working in a fast-paced, supportive environment that values your development and celebrates individuality.
**Why Join Us?**
* **A Dynamic Work Environment:** Be part of a team that takes pride in offering first-class customer service.
* **Growth Opportunities:** We invest in your career, offering training and development to help you reach your potential.
* **Recognition & Support:** Celebrate your successes and be rewarded for going the extra mile.
**What will you be doing?:**
* Providing outstanding service to customers over the phone, email, and live webchat.
* Offering tailored solutions to create seamless customer experiences.
* Staying informed about our services to offer natural, assured advice.
* Assisting with customer issues and keeping communication smooth and effective.
**What will you bring?:**
* Excellent communication and teamwork skills.
* The ability to stay calm and work efficiently under pressure.
* Strong time management, reliability, and a positive ""can-do"" attitude.
* A safety-first mindset and passion for problem-solving.
**What is on offer to you?:**
* **Competitive Salary:** £26,436.80per annum
* **Flexible Work Schedule:** 40 hours per week 5 days over 7, between 8am and 8pm
* **Comprehensive Training & Career Development**
* **Monthly Free Lunch & Employee Discounts**
* **Company Pension Scheme**
**Ready to Join a Company That Invests in You?**
We’re focused on creating a supportive and inclusive workplace where everyone can thrive and excel. If you’re driven by a passion for customer service and want to work for a company that truly values its people – **APPLY NOW!**
We are proud to foster a diverse and inclusive work environment, welcoming applicants from all backgrounds and walks of life."